date,treasury_10y_yield,treasury_2y_yield,federal_funds_rate
2022-12-02,3.63,4.37,3.83
2022-11-25,3.75,4.46,3.83
2022-11-18,3.79,4.41,3.83
2022-11-11,4.08,4.59,3.83
2022-11-04,4.12,4.61,3.08
2022-10-28,4.07,4.40,3.08
2022-10-21,4.12,4.51,3.08
2022-10-14,3.95,4.38,3.08
2022-10-07,3.75,4.18,3.08
2022-09-30,3.83,4.20,3.08
2022-09-23,3.59,4.05,2.33
2022-09-16,3.42,3.77,2.33
2022-09-09,3.31,3.50,2.33
2022-09-02,3.17,3.45,2.33
2022-08-26,3.05,3.34,2.33
2022-08-19,2.87,3.24,2.33
2022-08-12,2.81,3.24,2.33
2022-08-05,2.72,3.07,2.33
2022-07-29,2.75,2.94,1.58
2022-07-22,2.94,3.14,1.58
2022-07-15,2.95,3.10,1.58
2022-07-08,2.96,2.99,1.58
2022-07-01,3.07,3.00,1.58
2022-06-24,3.17,3.08,1.58
2022-06-17,3.36,3.27,0.83
2022-06-10,3.05,2.83,0.83
2022-06-03,2.92,2.63,0.83
2022-05-27,2.77,2.51,0.83
2022-05-20,2.87,2.64,0.83
2022-05-13,2.94,2.61,0.83
2022-05-06,3.01,2.72,0.33
2022-04-29,2.83,2.62,0.33
2022-04-22,2.89,2.61,0.33
2022-04-15,2.76,2.43,0.33
2022-04-08,2.59,2.49,0.33
2022-04-01,2.39,2.35,0.33
2022-03-25,2.37,2.18,0.33
2022-03-18,2.16,1.92,0.08
2022-03-11,1.91,1.67,0.08
2022-03-04,1.80,1.46,0.08
2022-02-25,1.97,1.56,0.08
2022-02-18,1.99,1.53,0.08
2022-02-11,1.95,1.42,0.08
2022-02-04,1.83,1.20,0.08
2022-01-28,1.79,1.09,0.08
2022-01-21,1.82,1.05,0.08
2022-01-14,1.75,0.93,0.08
2022-01-07,1.70,0.83,0.08
2021-12-31,1.51,0.74,0.08
2021-12-24,1.47,0.69,0.08
2021-12-17,1.44,0.66,0.08
2021-12-10,1.48,0.68,0.08
2021-12-03,1.43,0.56,0.08
2021-11-26,1.61,0.59,0.08
2021-11-19,1.60,0.53,0.08
2021-11-12,1.53,0.48,0.08
2021-11-05,1.54,0.45,0.08
2021-10-29,1.59,0.48,0.08
2021-10-22,1.65,0.44,0.08
2021-10-15,1.57,0.37,0.08
2021-10-08,1.55,0.30,0.08
2021-10-01,1.51,0.29,0.08
2021-09-24,1.37,0.25,0.08
2021-09-17,1.33,0.22,0.08
2021-09-10,1.35,0.23,0.08
2021-09-03,1.30,0.20,0.08
2021-08-27,1.31,0.23,0.09
2021-08-20,1.26,0.22,0.10
2021-08-13,1.34,0.23,0.10
2021-08-06,1.22,0.19,0.09
2021-07-30,1.26,0.20,0.10
2021-07-23,1.26,0.21,0.10
2021-07-16,1.36,0.24,0.10
2021-07-09,1.34,0.22,0.10
2021-07-02,1.47,0.25,0.10
2021-06-25,1.50,0.26,0.10
2021-06-18,1.51,0.20,0.06
2021-06-11,1.50,0.15,0.06
2021-06-04,1.60,0.15,0.05
2021-05-28,1.59,0.14,0.06
2021-05-21,1.64,0.16,0.06
2021-05-14,1.65,0.16,0.06
2021-05-07,1.60,0.16,0.06
2021-04-30,1.63,0.17,0.07
2021-04-23,1.58,0.16,0.07
2021-04-16,1.62,0.16,0.07
2021-04-09,1.68,0.16,0.07
2021-04-02,1.72,0.16,0.07
2021-03-26,1.65,0.14,0.07
2021-03-19,1.66,0.15,0.07
2021-03-12,1.57,0.16,0.07
2021-03-05,1.49,0.14,0.07
2021-02-26,1.42,0.13,0.07
2021-02-19,1.31,0.12,0.08
2021-02-12,1.18,0.11,0.08
2021-02-05,1.14,0.11,0.07
2021-01-29,1.06,0.12,0.08
2021-01-22,1.11,0.13,0.09
2021-01-15,1.13,0.14,0.09
2021-01-08,1.03,0.13,0.09
2021-01-01,0.94,0.13,0.09
2020-12-25,0.95,0.13,0.09
2020-12-18,0.93,0.13,0.09
2020-12-11,0.93,0.14,0.09
2020-12-04,0.92,0.16,0.08
2020-11-27,0.87,0.16,0.08
2020-11-20,0.87,0.17,0.09
2020-11-13,0.93,0.18,0.09
2020-11-06,0.83,0.15,0.09
2020-10-30,0.82,0.16,0.09
2020-10-23,0.83,0.16,0.09
2020-10-16,0.74,0.15,0.09
2020-10-09,0.78,0.15,0.09
2020-10-02,0.68,0.13,0.09
2020-09-25,0.67,0.13,0.09
2020-09-18,0.69,0.14,0.09
2020-09-11,0.69,0.14,0.09
2020-09-04,0.68,0.14,0.09
2020-08-28,0.70,0.15,0.09
2020-08-21,0.67,0.14,0.10
2020-08-14,0.67,0.15,0.10
2020-08-07,0.55,0.11,0.10
2020-07-31,0.58,0.13,0.09
2020-07-24,0.60,0.15,0.09
2020-07-17,0.63,0.15,0.09
2020-07-10,0.66,0.16,0.09
2020-07-03,0.67,0.16,0.08
2020-06-26,0.69,0.18,0.09
2020-06-19,0.72,0.19,0.08
2020-06-12,0.77,0.19,0.07
2020-06-05,0.77,0.18,0.05
2020-05-29,0.68,0.18,0.05
2020-05-22,0.69,0.17,0.05
2020-05-15,0.67,0.16,0.05
2020-05-08,0.67,0.17,0.05
2020-05-01,0.64,0.21,0.04
2020-04-24,0.61,0.21,0.05
2020-04-17,0.68,0.22,0.05
2020-04-10,0.73,0.26,0.05
2020-04-03,0.65,0.23,0.09
2020-03-27,0.81,0.31,0.15
2020-03-20,0.99,0.44,0.74
2020-03-13,0.79,0.47,1.09
2020-03-06,0.96,0.66,1.51
2020-02-28,1.29,1.12,1.58
2020-02-21,1.52,1.39,1.58
2020-02-14,1.59,1.42,1.58
2020-02-07,1.61,1.41,1.59
2020-01-31,1.59,1.41,1.55
2020-01-24,1.75,1.52,1.55
2020-01-17,1.82,1.58,1.54
2020-01-10,1.84,1.56,1.55
2020-01-03,1.88,1.57,1.55
2019-12-27,1.90,1.62,1.55
2019-12-20,1.91,1.63,1.55
2019-12-13,1.84,1.63,1.55
2019-12-06,1.79,1.58,1.56
2019-11-29,1.76,1.61,1.55
2019-11-22,1.77,1.59,1.55
2019-11-15,1.87,1.62,1.55
2019-11-08,1.86,1.64,1.57
2019-11-01,1.78,1.59,1.83
2019-10-25,1.78,1.60,1.85
2019-10-18,1.76,1.59,1.84
2019-10-11,1.62,1.50,1.82
2019-10-04,1.60,1.49,1.85
2019-09-27,1.70,1.65,1.90
2019-09-20,1.80,1.73,2.19
2019-09-13,1.76,1.69,2.13
2019-09-06,1.52,1.50,2.13
2019-08-30,1.50,1.52,2.12
2019-08-23,1.58,1.54,2.13
2019-08-16,1.60,1.56,2.12
2019-08-09,1.73,1.61,2.13
2019-08-02,1.98,1.81,2.40
2019-07-26,2.07,1.84,2.41
2019-07-19,2.07,1.82,2.39
2019-07-12,2.09,1.86,2.41
2019-07-05,2.00,1.80,2.40
2019-06-28,2.02,1.74,2.38
2019-06-21,2.05,1.79,2.37
2019-06-14,2.12,1.88,2.37
2019-06-07,2.10,1.85,2.39
2019-05-31,2.22,2.06,2.38
2019-05-24,2.37,2.20,2.39
2019-05-17,2.40,2.19,2.38
2019-05-10,2.47,2.28,2.40
2019-05-03,2.53,2.31,2.44
2019-04-26,2.55,2.33,2.44
2019-04-19,2.58,2.40,2.41
2019-04-12,2.52,2.35,2.41
2019-04-05,2.50,2.33,2.42
2019-03-29,2.41,2.24,2.41
2019-03-22,2.55,2.41,2.40
2019-03-15,2.62,2.45,2.40
2019-03-08,2.68,2.51,2.40
2019-03-01,2.70,2.51,2.40
2019-02-22,2.66,2.50,2.40
2019-02-15,2.67,2.51,2.40
2019-02-08,2.68,2.50,2.40
2019-02-01,2.70,2.53,2.40
2019-01-25,2.75,2.58,2.40
2019-01-18,2.74,2.56,2.40
2019-01-11,2.72,2.56,2.40
2019-01-04,2.65,2.47,2.40
2018-12-28,2.76,2.56,2.40
2018-12-21,2.81,2.66,2.19
2018-12-14,2.89,2.75,2.19
2018-12-07,2.90,2.78,2.20
2018-11-30,3.05,2.82,2.20
2018-11-23,3.06,2.80,2.20
2018-11-16,3.11,2.86,2.19
2018-11-09,3.21,2.94,2.20
2018-11-02,3.14,2.85,2.20
2018-10-26,3.14,2.86,2.19
2018-10-19,3.18,2.88,2.18
2018-10-12,3.18,2.87,2.18
2018-10-05,3.14,2.85,2.18
2018-09-28,3.07,2.83,1.92
2018-09-21,3.05,2.80,1.92
2018-09-14,2.97,2.75,1.92
2018-09-07,2.91,2.67,1.91
2018-08-31,2.87,2.65,1.92
2018-08-24,2.83,2.61,1.92
2018-08-17,2.87,2.62,1.91
2018-08-10,2.94,2.65,1.91
2018-08-03,2.97,2.66,1.91
2018-07-27,2.96,2.66,1.91
2018-07-20,2.86,2.60,1.91
2018-07-13,2.85,2.59,1.91
2018-07-06,2.84,2.55,1.91
2018-06-29,2.85,2.53,1.92
2018-06-22,2.91,2.56,1.90
2018-06-15,2.95,2.56,1.70
2018-06-08,2.94,2.51,1.70
2018-06-01,2.83,2.40,1.70
2018-05-25,3.01,2.54,1.70
2018-05-18,3.07,2.57,1.70
2018-05-11,2.97,2.52,1.70
2018-05-04,2.96,2.50,1.70
2018-04-27,2.99,2.49,1.70
2018-04-20,2.88,2.42,1.69
2018-04-13,2.80,2.33,1.69
2018-04-06,2.78,2.28,1.68
2018-03-30,2.79,2.29,1.68
2018-03-23,2.86,2.31,1.43
2018-03-16,2.84,2.28,1.42
2018-03-09,2.88,2.25,1.42
2018-03-02,2.86,2.24,1.41
2018-02-23,2.91,2.25,1.42
2018-02-16,2.87,2.15,1.42
2018-02-09,2.82,2.10,1.42
2018-02-02,2.75,2.14,1.41
2018-01-26,2.65,2.09,1.42
2018-01-19,2.59,2.05,1.42
2018-01-12,2.54,1.98,1.42
2018-01-05,2.46,1.95,1.37
2017-12-29,2.43,1.90,1.42
2017-12-22,2.46,1.88,1.41
2017-12-15,2.37,1.82,1.16
2017-12-08,2.36,1.80,1.15
2017-12-01,2.36,1.77,1.16
2017-11-24,2.35,1.76,1.16
2017-11-17,2.37,1.70,1.16
2017-11-10,2.34,1.64,1.16
2017-11-03,2.36,1.61,1.15
2017-10-27,2.42,1.60,1.16
2017-10-20,2.33,1.57,1.16
2017-10-13,2.33,1.51,1.16
2017-10-06,2.34,1.49,1.12
2017-09-29,2.28,1.46,1.16
2017-09-22,2.26,1.43,1.16
2017-09-15,2.18,1.35,1.16
2017-09-08,2.07,1.29,1.15
2017-09-01,2.14,1.33,1.16
2017-08-25,2.19,1.33,1.16
2017-08-18,2.22,1.33,1.16
2017-08-11,2.24,1.34,1.16
2017-08-04,2.27,1.35,1.15
2017-07-28,2.30,1.37,1.16
2017-07-21,2.27,1.36,1.16
2017-07-14,2.35,1.37,1.16
2017-07-07,2.36,1.41,1.12
2017-06-30,2.23,1.37,1.16
2017-06-23,2.16,1.35,1.16
2017-06-16,2.18,1.35,0.91
2017-06-09,2.18,1.32,0.91
2017-06-02,2.20,1.28,0.90
2017-05-26,2.26,1.30,0.91
2017-05-19,2.27,1.28,0.91
2017-05-12,2.39,1.34,0.91
2017-05-05,2.33,1.30,0.88
2017-04-28,2.31,1.27,0.91
2017-04-21,2.23,1.20,0.91
2017-04-14,2.30,1.25,0.91
2017-04-07,2.35,1.25,0.87
2017-03-31,2.40,1.28,0.91
2017-03-24,2.42,1.27,0.91
2017-03-17,2.55,1.36,0.66
2017-03-10,2.55,1.34,0.66
2017-03-03,2.43,1.27,0.65
2017-02-24,2.39,1.19,0.66
2017-02-17,2.46,1.23,0.66
2017-02-10,2.39,1.17,0.66
2017-02-03,2.48,1.21,0.65
2017-01-27,2.48,1.21,0.66
2017-01-20,2.43,1.21,0.66
2017-01-13,2.38,1.20,0.66
2017-01-06,2.43,1.21,0.60
2016-12-30,2.51,1.24,0.66
2016-12-23,2.55,1.23,0.66
2016-12-16,2.54,1.23,0.41
2016-12-09,2.40,1.12,0.41
2016-12-02,2.37,1.11,0.40
2016-11-25,2.34,1.10,0.41
2016-11-18,2.26,1.03,0.41
2016-11-11,1.98,0.88,0.41
2016-11-04,1.82,0.82,0.40
2016-10-28,1.81,0.86,0.41
2016-10-21,1.76,0.82,0.41
2016-10-14,1.78,0.86,0.40
2016-10-07,1.70,0.83,0.35
2016-09-30,1.58,0.75,0.40
2016-09-23,1.66,0.79,0.40
2016-09-16,1.70,0.77,0.40
2016-09-09,1.59,0.76,0.40
2016-09-02,1.58,0.80,0.39
2016-08-26,1.57,0.78,0.40
2016-08-19,1.56,0.74,0.40
2016-08-12,1.54,0.72,0.40
2016-08-05,1.54,0.67,0.36
2016-07-29,1.53,0.72,0.40
2016-07-22,1.58,0.70,0.40
2016-07-15,1.51,0.68,0.40
2016-07-08,1.38,0.58,0.39
2016-07-01,1.47,0.60,0.40
2016-06-24,1.68,0.73,0.38
2016-06-17,1.61,0.71,0.37
2016-06-10,1.70,0.77,0.37
2016-06-03,1.80,0.86,0.36
2016-05-27,1.85,0.90,0.37
2016-05-20,1.82,0.86,0.37
2016-05-13,1.75,0.74,0.37
2016-05-06,1.81,0.75,0.34
2016-04-29,1.88,0.82,0.37
2016-04-22,1.84,0.80,0.37
2016-04-15,1.77,0.74,0.37
2016-04-08,1.74,0.72,0.35
2016-04-01,1.82,0.78,0.37
2016-03-25,1.91,0.89,0.37
2016-03-18,1.93,0.91,0.36
2016-03-11,1.91,0.92,0.36
2016-03-04,1.82,0.84,0.36
2016-02-26,1.75,0.76,0.38
2016-02-19,1.78,0.74,0.38
2016-02-12,1.71,0.68,0.38
2016-02-05,1.89,0.74,0.34
2016-01-29,2.00,0.83,0.38
2016-01-22,2.04,0.86,0.36
2016-01-15,2.10,0.91,0.36
2016-01-08,2.19,0.99,0.27
2016-01-01,2.29,1.07,0.36
2015-12-25,2.24,1.00,0.37
2015-12-18,2.25,0.99,0.14
2015-12-11,2.21,0.93,0.13
2015-12-04,2.23,0.94,0.12
2015-11-27,2.24,0.93,0.12
2015-11-20,2.26,0.90,0.12
2015-11-13,2.32,0.88,0.12
2015-11-06,2.26,0.83,0.10
2015-10-30,2.11,0.71,0.12
2015-10-23,2.06,0.64,0.13
2015-10-16,2.03,0.61,0.13
2015-10-09,2.09,0.63,0.13
2015-10-02,2.05,0.63,0.12
2015-09-25,2.16,0.70,0.14
2015-09-18,2.22,0.75,0.14
2015-09-11,2.21,0.74,0.14
2015-09-04,2.18,0.72,0.13
2015-08-28,2.14,0.67,0.15
2015-08-21,2.12,0.69,0.15
2015-08-14,2.18,0.71,0.14
2015-08-07,2.22,0.72,0.11
2015-07-31,2.25,0.69,0.13
2015-07-24,2.32,0.72,0.13
2015-07-17,2.38,0.67,0.13
2015-07-10,2.31,0.60,0.13
2015-07-03,2.38,0.65,0.12
2015-06-26,2.41,0.69,0.13
2015-06-19,2.32,0.68,0.13
2015-06-12,2.42,0.73,0.13
2015-06-05,2.31,0.67,0.10
2015-05-29,2.13,0.63,0.13
2015-05-22,2.23,0.61,0.13
2015-05-15,2.24,0.59,0.13
2015-05-08,2.19,0.62,0.12
2015-05-01,2.03,0.57,0.13
2015-04-24,1.94,0.55,0.13
2015-04-17,1.90,0.52,0.12
2015-04-10,1.93,0.54,0.12
2015-04-03,1.91,0.55,0.11
2015-03-27,1.94,0.59,0.12
2015-03-20,2.00,0.63,0.11
2015-03-13,2.14,0.69,0.12
2015-03-06,2.13,0.68,0.09
2015-02-27,2.01,0.63,0.12
2015-02-20,2.11,0.67,0.12
2015-02-13,2.00,0.65,0.12
2015-02-06,1.81,0.54,0.09
2015-01-30,1.77,0.51,0.12
2015-01-23,1.85,0.53,0.13
2015-01-16,1.86,0.51,0.12
2015-01-09,2.00,0.63,0.11
2015-01-02,2.18,0.69,0.12
2014-12-26,2.24,0.73,0.13
2014-12-19,2.14,0.63,0.12
2014-12-12,2.19,0.61,0.12
2014-12-05,2.27,0.56,0.10
2014-11-28,2.25,0.51,0.10
2014-11-21,2.33,0.53,0.10
2014-11-14,2.36,0.54,0.09
2014-11-07,2.36,0.52,0.08
2014-10-31,2.32,0.46,0.09
2014-10-24,2.25,0.40,0.09
2014-10-17,2.19,0.37,0.09
2014-10-10,2.36,0.49,0.09
2014-10-03,2.47,0.56,0.09
2014-09-26,2.55,0.58,0.09
2014-09-19,2.61,0.58,0.09
2014-09-12,2.54,0.57,0.09
2014-09-05,2.44,0.53,0.08
2014-08-29,2.37,0.51,0.09
2014-08-22,2.41,0.48,0.09
2014-08-15,2.41,0.44,0.09
2014-08-08,2.47,0.46,0.09
2014-08-01,2.53,0.53,0.09
2014-07-25,2.49,0.51,0.09
2014-07-18,2.53,0.49,0.09
2014-07-11,2.57,0.50,0.09
2014-07-04,2.60,0.49,0.10
2014-06-27,2.57,0.47,0.10
2014-06-20,2.63,0.49,0.10
2014-06-13,2.62,0.44,0.09
2014-06-06,2.59,0.40,0.09
2014-05-30,2.47,0.38,0.09
2014-05-23,2.54,0.36,0.09
2014-05-16,2.57,0.39,0.08
2014-05-09,2.62,0.41,0.09
2014-05-02,2.66,0.43,0.09
2014-04-25,2.71,0.43,0.10
2014-04-18,2.67,0.40,0.09
2014-04-11,2.68,0.38,0.08
2014-04-04,2.77,0.45,0.08
2014-03-28,2.72,0.46,0.08
2014-03-21,2.74,0.42,0.08
2014-03-14,2.72,0.36,0.08
2014-03-07,2.71,0.35,0.07
2014-02-28,2.69,0.34,0.07
2014-02-21,2.73,0.33,0.06
2014-02-14,2.75,0.33,0.06
2014-02-07,2.68,0.31,0.07
2014-01-31,2.73,0.36,0.07
2014-01-24,2.82,0.40,0.07
2014-01-17,2.86,0.40,0.07
2014-01-10,2.96,0.41,0.08
2014-01-03,3.01,0.39,0.08
2013-12-27,2.99,0.40,0.09
2013-12-20,2.89,0.34,0.09
2013-12-13,2.86,0.32,0.09
2013-12-06,2.84,0.30,0.08
2013-11-29,2.74,0.29,0.09
2013-11-22,2.74,0.30,0.09
2013-11-15,2.74,0.32,0.08
2013-11-08,2.68,0.31,0.08
2013-11-01,2.57,0.32,0.08
2013-10-25,2.55,0.32,0.09
2013-10-18,2.66,0.34,0.10
2013-10-11,2.68,0.37,0.08
2013-10-04,2.64,0.33,0.08
2013-09-27,2.66,0.35,0.08
2013-09-20,2.79,0.36,0.08
2013-09-13,2.92,0.46,0.08
2013-09-06,2.92,0.47,0.08
2013-08-30,2.76,0.39,0.08
2013-08-23,2.86,0.38,0.09
2013-08-16,2.73,0.34,0.08
2013-08-09,2.62,0.32,0.09
2013-08-02,2.64,0.32,0.09
2013-07-26,2.57,0.32,0.09
2013-07-19,2.54,0.33,0.09
2013-07-12,2.64,0.37,0.10
2013-07-05,2.56,0.36,0.09
2013-06-28,2.55,0.39,0.10
2013-06-21,2.33,0.31,0.10
2013-06-14,2.20,0.32,0.09
2013-06-07,2.12,0.31,0.09
2013-05-31,2.14,0.30,0.09
2013-05-24,1.99,0.26,0.10
2013-05-17,1.93,0.25,0.12
2013-05-10,1.83,0.23,0.14
2013-05-03,1.70,0.21,0.13
2013-04-26,1.73,0.23,0.15
2013-04-19,1.73,0.24,0.15
2013-04-12,1.79,0.24,0.15
2013-04-05,1.81,0.24,0.12
2013-03-29,1.90,0.25,0.15
2013-03-22,1.94,0.26,0.16
2013-03-15,2.04,0.27,0.15
2013-03-08,1.96,0.25,0.15
2013-03-01,1.88,0.25,0.15
2013-02-22,2.00,0.27,0.15
2013-02-15,2.01,0.28,0.14
2013-02-08,2.00,0.26,0.14
2013-02-01,2.02,0.28,0.14
2013-01-25,1.90,0.26,0.14
2013-01-18,1.87,0.26,0.14
2013-01-11,1.90,0.26,0.16
2013-01-04,1.87,0.27,0.15
2012-12-28,1.76,0.26,0.17
2012-12-21,1.80,0.27,0.17
2012-12-14,1.69,0.25,0.16
2012-12-07,1.62,0.25,0.16
2012-11-30,1.63,0.26,0.16
2012-11-23,1.67,0.27,0.16
2012-11-16,1.59,0.25,0.16
2012-11-09,1.68,0.28,0.16
2012-11-02,1.74,0.30,0.17
2012-10-26,1.81,0.30,0.16
2012-10-19,1.79,0.29,0.16
2012-10-12,1.71,0.27,0.15
2012-10-05,1.67,0.24,0.13
2012-09-28,1.68,0.26,0.15
2012-09-21,1.81,0.26,0.16
2012-09-14,1.76,0.25,0.15
2012-09-07,1.64,0.25,0.14
2012-08-31,1.63,0.26,0.13
2012-08-24,1.74,0.28,0.13
2012-08-17,1.76,0.28,0.13
2012-08-10,1.65,0.27,0.14
2012-08-03,1.54,0.24,0.14
2012-07-27,1.47,0.23,0.14
2012-07-20,1.52,0.23,0.18
2012-07-13,1.52,0.26,0.17
2012-07-06,1.61,0.29,0.13
2012-06-29,1.64,0.31,0.17
2012-06-22,1.64,0.31,0.17
2012-06-15,1.62,0.29,0.17
2012-06-08,1.61,0.26,0.16
2012-06-01,1.61,0.27,0.15
2012-05-25,1.76,0.29,0.16
2012-05-18,1.74,0.30,0.15
2012-05-11,1.88,0.27,0.16
2012-05-04,1.95,0.27,0.14
2012-04-27,1.98,0.26,0.13
2012-04-20,2.00,0.27,0.15
2012-04-13,2.04,0.29,0.14
2012-04-06,2.21,0.34,0.12
2012-03-30,2.22,0.34,0.14
2012-03-23,2.32,0.39,0.15
2012-03-16,2.21,0.36,0.12
2012-03-09,2.00,0.31,0.11
2012-03-02,1.97,0.30,0.09
2012-02-24,2.01,0.31,0.09
2012-02-17,1.97,0.29,0.12
2012-02-10,1.99,0.26,0.11
2012-02-03,1.88,0.23,0.09
2012-01-27,2.01,0.23,0.09
2012-01-20,1.96,0.24,0.09
2012-01-13,1.95,0.24,0.07
2012-01-06,1.99,0.26,0.05
2011-12-30,1.94,0.28,0.08
2011-12-23,1.95,0.27,0.07
2011-12-16,1.94,0.25,0.07
2011-12-09,2.04,0.24,0.08
2011-12-02,2.04,0.26,0.08
2011-11-25,1.94,0.27,0.08
2011-11-18,2.02,0.26,0.08
2011-11-11,2.05,0.25,0.08
2011-11-04,2.07,0.23,0.08
2011-10-28,2.28,0.29,0.07
2011-10-21,2.20,0.28,0.07
2011-10-14,2.22,0.30,0.07
2011-10-07,1.93,0.27,0.07
2011-09-30,1.97,0.26,0.08
2011-09-23,1.87,0.20,0.09
2011-09-16,2.03,0.20,0.09
2011-09-09,1.99,0.20,0.08
2011-09-02,2.17,0.20,0.09
2011-08-26,2.19,0.22,0.09
2011-08-19,2.17,0.20,0.10
2011-08-12,2.27,0.21,0.09
2011-08-05,2.62,0.32,0.12
2011-07-29,2.97,0.41,0.06
2011-07-22,2.97,0.39,0.06
2011-07-15,2.94,0.37,0.07
2011-07-08,3.12,0.44,0.08
2011-07-01,3.11,0.46,0.08
2011-06-24,2.96,0.37,0.10
2011-06-17,2.99,0.40,0.09
2011-06-10,3.00,0.41,0.10
2011-06-03,3.01,0.44,0.10
2011-05-27,3.10,0.52,0.10
2011-05-20,3.15,0.55,0.09
2011-05-13,3.20,0.57,0.09
2011-05-06,3.24,0.59,0.09
2011-04-29,3.36,0.64,0.10
2011-04-22,3.41,0.69,0.11
2011-04-15,3.51,0.77,0.09
2011-04-08,3.54,0.82,0.10
2011-04-01,3.47,0.80,0.13
2011-03-25,3.38,0.71,0.14
2011-03-18,3.29,0.61,0.14
2011-03-11,3.46,0.68,0.15
2011-03-04,3.47,0.70,0.15
2011-02-25,3.46,0.73,0.15
2011-02-18,3.60,0.83,0.15
2011-02-11,3.68,0.83,0.17
2011-02-04,3.54,0.67,0.17
2011-01-28,3.40,0.60,0.17
2011-01-21,3.42,0.62,0.17
2011-01-14,3.36,0.60,0.17
2011-01-07,3.40,0.65,0.16
2010-12-31,3.38,0.67,0.19
2010-12-24,3.37,0.64,0.20
2010-12-17,3.42,0.64,0.17
2010-12-10,3.18,0.57,0.18
2010-12-03,2.93,0.51,0.20
2010-11-26,2.84,0.50,0.20
2010-11-19,2.89,0.52,0.19
2010-11-12,2.68,0.46,0.18
2010-11-05,2.61,0.35,0.20
2010-10-29,2.67,0.38,0.19
2010-10-22,2.54,0.36,0.19
2010-10-15,2.50,0.37,0.18
2010-10-08,2.45,0.38,0.19
2010-10-01,2.52,0.42,0.20
2010-09-24,2.61,0.45,0.21
2010-09-17,2.74,0.50,0.19
2010-09-10,2.71,0.54,0.19
2010-09-03,2.59,0.50,0.19
2010-08-27,2.56,0.52,0.19
2010-08-20,2.61,0.50,0.19
2010-08-13,2.76,0.54,0.18
2010-08-06,2.94,0.54,0.19
2010-07-30,3.02,0.60,0.19
2010-07-23,2.97,0.60,0.19
2010-07-16,3.05,0.63,0.17
2010-07-09,3.02,0.63,0.18
2010-07-02,2.99,0.62,0.15
2010-06-25,3.17,0.69,0.18
2010-06-18,3.26,0.75,0.18
2010-06-11,3.22,0.75,0.19
2010-06-04,3.31,0.79,0.19
2010-05-28,3.25,0.81,0.20
2010-05-21,3.33,0.78,0.20
2010-05-14,3.54,0.85,0.20
2010-05-07,3.56,0.88,0.20
2010-04-30,3.76,1.03,0.20
2010-04-23,3.81,1.05,0.21
2010-04-16,3.85,1.05,0.19
2010-04-09,3.94,1.11,0.19
2010-04-02,3.89,1.06,0.16
2010-03-26,3.79,1.05,0.18
2010-03-19,3.68,0.97,0.18
2010-03-12,3.72,0.93,0.16
2010-03-05,3.63,0.84,0.13
2010-02-26,3.69,0.86,0.12
2010-02-19,3.74,0.89,0.12
2010-02-12,3.69,0.86,0.13
2010-02-05,3.66,0.83,0.13
2010-01-29,3.66,0.86,0.12
2010-01-22,3.66,0.89,0.12
2010-01-15,3.77,0.93,0.11
2010-01-08,3.83,1.02,0.08
2010-01-01,3.83,1.10,0.11
2009-12-25,3.76,0.95,0.12
2009-12-18,3.56,0.84,0.12
2009-12-11,3.47,0.78,0.12
2009-12-04,3.34,0.73,0.12
2009-11-27,3.30,0.73,0.11
2009-11-20,3.35,0.76,0.12
2009-11-13,3.48,0.84,0.12
2009-11-06,3.53,0.90,0.12
2009-10-30,3.49,0.98,0.11
2009-10-23,3.43,0.99,0.12
2009-10-16,3.43,0.95,0.12
2009-10-09,3.28,0.91,0.13
2009-10-02,3.28,0.94,0.12
2009-09-25,3.43,0.98,0.16
2009-09-18,3.46,0.98,0.16
2009-09-11,3.41,0.92,0.15
2009-09-04,3.37,0.93,0.15
2009-08-28,3.46,1.04,0.16
2009-08-21,3.48,1.05,0.16
2009-08-14,3.67,1.16,0.17
2009-08-07,3.77,1.23,0.18
2009-07-31,3.67,1.14,0.15
2009-07-24,3.62,1.01,0.15
2009-07-17,3.55,0.99,0.14
2009-07-10,3.42,0.94,0.17
2009-07-03,3.53,1.06,0.19
2009-06-26,3.63,1.14,0.24
2009-06-19,3.75,1.24,0.19
2009-06-12,3.89,1.36,0.20
2009-06-05,3.70,1.02,0.19
2009-05-29,3.59,0.95,0.17
2009-05-22,3.29,0.90,0.16
2009-05-15,3.14,0.89,0.17
2009-05-08,3.23,0.98,0.21
2009-05-01,3.10,0.92,0.17
2009-04-24,2.96,0.97,0.14
2009-04-17,2.87,0.90,0.15
2009-04-10,2.93,0.94,0.14
2009-04-03,2.76,0.86,0.16
2009-03-27,2.74,0.92,0.17
2009-03-20,2.75,0.93,0.17
2009-03-13,2.92,1.00,0.20
2009-03-06,2.90,0.92,0.22
2009-02-27,2.91,1.03,0.20
2009-02-20,2.75,0.95,0.23
2009-02-13,2.88,0.95,0.23
2009-02-06,2.92,0.96,0.23
2009-01-30,2.75,0.90,0.19
2009-01-23,2.56,0.77,0.20
2009-01-16,2.30,0.74,0.10
2009-01-09,2.48,0.80,0.10
2009-01-02,2.24,0.79,0.10
2008-12-26,2.18,0.89,0.11
2008-12-19,2.26,0.71,0.15
2008-12-12,2.67,0.85,0.13
2008-12-05,2.66,0.88,0.49
2008-11-28,3.10,1.14,0.56
2008-11-21,3.38,1.11,0.36
2008-11-14,3.78,1.23,0.28
2008-11-07,3.82,1.36,0.24
2008-10-31,3.92,1.59,0.82
2008-10-24,3.74,1.59,0.69
2008-10-17,4.02,1.68,0.96
2008-10-10,3.69,1.56,1.59
2008-10-03,3.70,1.75,1.32
2008-09-26,3.84,2.11,1.54
2008-09-19,3.54,1.85,2.25
2008-09-12,3.66,2.23,1.99
2008-09-05,3.69,2.24,1.96
2008-08-29,3.79,2.34,1.99
2008-08-22,3.83,2.33,2.02
2008-08-15,3.91,2.47,1.99
2008-08-08,3.99,2.51,2.02
2008-08-01,4.04,2.58,2.08
2008-07-25,4.11,2.70,1.99
2008-07-18,3.98,2.51,2.01
2008-07-11,3.90,2.48,1.95
2008-07-04,4.00,2.60,2.08
2008-06-27,4.09,2.80,1.97
2008-06-20,4.20,2.94,1.98
2008-06-13,4.15,2.91,1.99
2008-06-06,3.98,2.47,1.99
2008-05-30,4.03,2.63,2.05
2008-05-23,3.84,2.44,1.96
2008-05-16,3.86,2.44,1.96
2008-05-09,3.85,2.32,1.94
2008-05-02,3.83,2.37,2.28
2008-04-25,3.81,2.30,2.25
2008-04-18,3.67,1.98,2.34
2008-04-11,3.54,1.84,2.23
2008-04-04,3.55,1.81,2.23
2008-03-28,3.52,1.75,2.18
2008-03-21,3.39,1.52,2.70
2008-03-14,3.51,1.59,2.97
2008-03-07,3.61,1.60,3.00
2008-02-29,3.78,1.94,2.96
2008-02-22,3.85,2.04,2.98
2008-02-15,3.72,1.92,3.00
2008-02-08,3.66,1.98,3.01
2008-02-01,3.67,2.21,3.50
2008-01-25,3.58,2.16,4.00
2008-01-18,3.72,2.48,4.24
2008-01-11,3.85,2.70,4.23
2008-01-04,3.94,2.88,3.77
2007-12-28,4.21,3.23,4.21
2007-12-21,4.12,3.17,4.21
2007-12-14,4.12,3.14,4.39
2007-12-07,3.97,2.97,4.55
2007-11-30,3.94,3.05,4.53
2007-11-23,4.04,3.10,4.51
2007-11-16,4.22,3.45,4.54
2007-11-09,4.32,3.58,4.33
2007-11-02,4.39,3.80,4.78
2007-10-26,4.39,3.78,4.73
2007-10-19,4.57,4.01,4.74
2007-10-12,4.67,4.17,4.75
2007-10-05,4.57,4.02,4.72
2007-09-28,4.61,3.99,4.78
2007-09-21,4.57,4.05,5.12
2007-09-14,4.42,3.98,4.98
2007-09-07,4.48,4.04,5.03
2007-08-31,4.55,4.16,5.11
2007-08-24,4.62,4.16,4.91
2007-08-17,4.70,4.28,4.79
2007-08-10,4.79,4.52,5.25
2007-08-03,4.77,4.55,5.27
2007-07-27,4.88,4.69,5.26
2007-07-20,5.03,4.86,5.27
2007-07-13,5.10,4.92,5.23
2007-07-06,5.10,4.93,5.28
2007-06-29,5.09,4.90,5.25
2007-06-22,5.14,4.96,5.25
2007-06-15,5.20,5.06,5.26
2007-06-08,5.02,4.99,5.24
2007-06-01,4.90,4.92,5.28
2007-05-25,4.84,4.84,5.24
2007-05-18,4.74,4.76,5.27
2007-05-11,4.65,4.70,5.23
2007-05-04,4.65,4.65,5.25
2007-04-27,4.67,4.63,5.23
2007-04-20,4.69,4.67,5.24
2007-04-13,4.74,4.73,5.28
2007-04-06,4.68,4.64,5.26
2007-03-30,4.63,4.57,5.26
2007-03-23,4.58,4.58,5.26
2007-03-16,4.54,4.57,5.25
2007-03-09,4.53,4.57,5.25
2007-03-02,4.55,4.64,5.28
2007-02-23,4.70,4.83,5.25
2007-02-16,4.75,4.88,5.26
2007-02-09,4.77,4.90,5.25
2007-02-02,4.86,4.96,5.27
2007-01-26,4.83,4.95,5.25
2007-01-19,4.77,4.90,5.24
2007-01-12,4.70,4.82,5.23
2007-01-05,4.66,4.76,5.22
2006-12-29,4.67,4.78,5.24
2006-12-22,4.60,4.70,5.25
2006-12-15,4.56,4.69,5.24
2006-12-08,4.48,4.58,5.25
2006-12-01,4.49,4.64,5.26
2006-11-24,4.58,4.75,5.24
2006-11-17,4.61,4.78,5.25
2006-11-10,4.64,4.76,5.24
2006-11-03,4.64,4.73,5.25
2006-10-27,4.77,4.85,5.24
2006-10-20,4.78,4.85,5.23
2006-10-13,4.78,4.85,5.23
2006-10-06,4.62,4.66,5.30
2006-09-29,4.60,4.67,5.27
2006-09-22,4.71,4.77,5.24
2006-09-15,4.79,4.83,5.23
2006-09-08,4.79,4.81,5.25
2006-09-01,4.76,4.83,5.25
2006-08-25,4.81,4.87,5.24
2006-08-18,4.90,4.92,5.23
2006-08-11,4.94,4.93,5.25
2006-08-04,4.96,4.96,5.27
2006-07-28,5.05,5.06,5.24
2006-07-21,5.07,5.11,5.25
2006-07-14,5.10,5.14,5.24
2006-07-07,5.18,5.20,5.14
2006-06-30,5.22,5.23,5.00
2006-06-23,5.18,5.22,4.95
2006-06-16,5.05,5.09,5.00
2006-06-09,5.01,5.00,4.99
2006-06-02,5.08,5.00,5.01
2006-05-26,5.05,4.96,4.98
2006-05-19,5.11,4.96,5.00
2006-05-12,5.14,4.99,4.84
2006-05-05,5.14,4.94,4.83
2006-04-28,5.07,4.92,4.74
2006-04-21,5.02,4.88,4.77
2006-04-14,4.98,4.91,4.76
2006-04-07,4.89,4.85,4.88
2006-03-31,4.80,4.80,4.70
2006-03-24,4.69,4.72,4.57
2006-03-17,4.71,4.67,4.51
2006-03-10,4.74,4.74,4.51
2006-03-03,4.61,4.72,4.50
2006-02-24,4.56,4.71,4.49
2006-02-17,4.59,4.69,4.49
2006-02-10,4.56,4.64,4.50
2006-02-03,4.55,4.57,4.44
2006-01-27,4.46,4.44,4.26
2006-01-20,4.36,4.35,4.29
2006-01-13,4.41,4.39,4.23
2006-01-06,4.37,4.33,4.16
2005-12-30,4.37,4.38,4.22
2005-12-23,4.45,4.40,4.24
2005-12-16,4.49,4.40,4.19
2005-12-09,4.52,4.42,4.00
2005-12-02,4.48,4.41,4.02
2005-11-25,4.45,4.35,4.00
2005-11-18,4.52,4.43,3.98
2005-11-11,4.60,4.46,4.00
2005-11-04,4.61,4.44,3.94
2005-10-28,4.55,4.35,3.76
2005-10-21,4.46,4.26,3.76
2005-10-14,4.45,4.24,3.68
2005-10-07,4.37,4.20,3.85
2005-09-30,4.30,4.11,3.77
2005-09-23,4.23,3.97,3.65
2005-09-16,4.19,3.91,3.49
2005-09-09,4.13,3.86,3.51
2005-09-02,4.09,3.87,3.55
2005-08-26,4.20,4.02,3.52
2005-08-19,4.24,4.04,3.54
2005-08-12,4.36,4.11,3.48
2005-08-05,4.34,4.05,3.29
2005-07-29,4.25,3.97,3.26
2005-07-22,4.22,3.91,3.26
2005-07-15,4.16,3.84,3.22
2005-07-08,4.09,3.76,3.29
2005-07-01,3.97,3.66,3.11
2005-06-24,4.00,3.65,2.98
2005-06-17,4.10,3.71,3.02
2005-06-10,3.97,3.62,2.98
2005-06-03,3.95,3.55,3.02
2005-05-27,4.07,3.63,3.01
2005-05-20,4.11,3.62,3.01
2005-05-13,4.21,3.68,2.99
2005-05-06,4.22,3.65,2.96
2005-04-29,4.24,3.64,2.74
2005-04-22,4.26,3.57,2.78
2005-04-15,4.37,3.65,2.76
2005-04-08,4.48,3.74,2.81
2005-04-01,4.55,3.84,2.77
2005-03-25,4.59,3.83,2.71
2005-03-18,4.51,3.73,2.55
2005-03-11,4.45,3.66,2.50
2005-03-04,4.37,3.58,2.51
2005-02-25,4.28,3.50,2.52
2005-02-18,4.16,3.40,2.50
2005-02-11,4.06,3.30,2.50
2005-02-04,4.14,3.31,2.43
2005-01-28,4.19,3.25,2.27
2005-01-21,4.19,3.22,2.28
2005-01-14,4.25,3.23,2.25
2005-01-07,4.28,3.18,2.14
2004-12-31,4.29,3.09,2.27
2004-12-24,4.21,3.04,2.24
2004-12-17,4.16,3.00,2.15
2004-12-10,4.19,2.93,2.00
2004-12-03,4.35,3.02,2.02
2004-11-26,4.20,2.99,2.00
2004-11-19,4.17,2.89,2.00
2004-11-12,4.22,2.82,1.79
2004-11-05,4.12,2.65,1.78
2004-10-29,4.05,2.57,1.74
2004-10-22,4.03,2.55,1.76
2004-10-15,4.08,2.53,1.73
2004-10-08,4.20,2.67,1.82
2004-10-01,4.10,2.60,1.76
2004-09-24,4.04,2.53,1.64
2004-09-17,4.14,2.49,1.49
2004-09-10,4.21,2.52,1.50
2004-09-03,4.19,2.47,1.53
2004-08-27,4.25,2.49,1.51
2004-08-20,4.23,2.46,1.42
2004-08-13,4.28,2.51,1.36
2004-08-06,4.41,2.60,1.27
2004-07-30,4.56,2.76,1.26
2004-07-23,4.46,2.66,1.25
2004-07-16,4.47,2.58,1.25
2004-07-09,4.49,2.56,1.28
2004-07-02,4.63,2.71,1.11
2004-06-25,4.69,2.77,1.00
2004-06-18,4.75,2.84,1.01
2004-06-11,4.80,2.75,0.99
2004-06-04,4.74,2.65,1.01
2004-05-28,4.68,2.54,0.99
2004-05-21,4.74,2.57,1.02
2004-05-14,4.81,2.62,0.99
2004-05-07,4.62,2.41,1.02
2004-04-30,4.49,2.29,1.00
2004-04-23,4.43,2.17,1.00
2004-04-16,4.36,2.04,1.01
2004-04-09,4.21,1.88,1.01
2004-04-02,3.95,1.67,1.01
2004-03-26,3.76,1.53,0.99
2004-03-19,3.75,1.54,1.00
2004-03-12,3.75,1.53,1.00
2004-03-05,4.00,1.69,1.03
2004-02-27,4.03,1.68,1.00
2004-02-20,4.06,1.72,1.01
2004-02-13,4.08,1.75,1.00
2004-02-06,4.16,1.81,1.01
2004-01-30,4.17,1.81,1.02
2004-01-23,4.05,1.69,1.00
2004-01-16,4.04,1.67,0.99
2004-01-09,4.27,1.83,0.97
2004-01-02,4.30,1.88,0.96
2003-12-26,4.21,1.86,0.99
2003-12-19,4.20,1.84,1.00
2003-12-12,4.29,1.90,0.98
2003-12-05,4.36,2.04,1.00
2003-11-28,4.25,1.97,0.99
2003-11-21,4.18,1.84,0.99
2003-11-14,4.36,1.97,0.99
2003-11-07,4.41,1.95,1.01
2003-10-31,4.31,1.81,1.00
2003-10-24,4.33,1.83,1.00
2003-10-17,4.42,1.85,1.03
2003-10-10,4.26,1.65,0.99
2003-10-03,4.05,1.54,1.07
2003-09-26,4.16,1.66,1.00
2003-09-19,4.23,1.65,1.02
2003-09-12,4.34,1.69,0.96
2003-09-05,4.52,1.92,1.01
2003-08-29,4.49,1.98,1.00
2003-08-22,4.47,1.89,1.18
2003-08-15,4.49,1.82,0.98
2003-08-08,4.34,1.77,0.97
2003-08-01,4.40,1.71,1.04
2003-07-25,4.18,1.56,1.01
2003-07-18,3.93,1.45,1.02
2003-07-11,3.72,1.35,0.96
2003-07-04,3.58,1.31,1.13
2003-06-27,3.42,1.28,1.21
2003-06-20,3.31,1.22,1.25
2003-06-13,3.20,1.14,1.24
2003-06-06,3.36,1.25,1.26
2003-05-30,3.39,1.33,1.24
2003-05-23,3.38,1.36,1.27
2003-05-16,3.56,1.44,1.25
2003-05-09,3.77,1.48,1.26
2003-05-02,3.92,1.56,1.28
2003-04-25,3.97,1.66,1.26
2003-04-18,3.99,1.70,1.27
2003-04-11,3.97,1.61,1.23
2003-04-04,3.90,1.54,1.28
2003-03-28,3.96,1.65,1.22
2003-03-21,3.97,1.72,1.27
2003-03-14,3.65,1.47,1.21
2003-03-07,3.65,1.47,1.29
2003-02-28,3.78,1.57,1.24
2003-02-21,3.89,1.62,1.3
2003-02-14,3.95,1.63,1.22
2003-02-07,3.98,1.69,1.29
2003-01-31,4.01,1.72,1.24
2003-01-24,3.97,1.67,1.23
2003-01-17,4.10,1.75,1.26
2003-01-10,4.10,1.80,1.2
2003-01-03,3.94,1.70,1.2
2002-12-27,3.92,1.71,1.23
2002-12-20,4.05,1.83,1.27
2002-12-13,4.04,1.87,1.23
2002-12-06,4.17,2.01,1.24
2002-11-29,4.19,2.07,1.27
2002-11-22,4.08,1.99,1.28
2002-11-15,3.94,1.84,1.21
2002-11-08,4.00,1.84,1.7
2002-11-01,4.00,1.77,1.79
2002-10-25,4.21,2.14,1.72
2002-10-18,4.11,2.07,1.75
2002-10-11,3.68,1.78,1.73
2002-10-04,3.69,1.76,1.8
2002-09-27,3.73,1.93,1.72
2002-09-20,3.84,2.01,1.73
2002-09-13,4.00,2.12,1.73
2002-09-06,3.98,2.02,1.81
2002-08-30,4.21,2.19,1.76
2002-08-23,4.24,2.18,1.73
2002-08-16,4.18,2.14,1.72
2002-08-09,4.35,2.04,1.74
2002-08-02,4.52,2.24,1.72
2002-07-26,4.47,2.32,1.72
2002-07-19,4.68,2.57,1.74
2002-07-12,4.71,2.67,1.73
2002-07-05,4.83,2.84,1.75
2002-06-28,4.84,2.87,1.75
2002-06-21,4.83,2.90,1.75
2002-06-14,4.97,3.04,1.74
2002-06-07,5.06,3.15,1.78
2002-05-31,5.10,3.23,1.78
2002-05-24,5.17,3.28,1.71
2002-05-17,5.26,3.35,1.75
2002-05-10,5.16,3.22,1.74
2002-05-03,5.11,3.23,1.81
2002-04-26,5.13,3.30,1.7
2002-04-19,5.21,3.39,1.78
2002-04-12,5.22,3.47,1.71
2002-04-05,5.32,3.60,1.77
2002-03-29,5.38,3.71,1.7
2002-03-22,5.37,3.70,1.76
2002-03-15,5.34,3.58,1.71
2002-03-08,5.13,3.34,1.74
2002-03-01,4.90,3.08,1.75
2002-02-22,4.87,2.99,1.75
2002-02-15,4.94,3.02,1.72
2002-02-08,4.92,2.98,1.74
2002-02-01,5.05,3.11,1.78
2002-01-25,5.05,3.09,1.74
2002-01-18,4.92,2.86,1.74
2002-01-11,5.04,2.98,1.64
2002-01-04,5.15,3.17,1.63
2001-12-28,5.17,3.21,1.77
2001-12-21,5.14,3.15,1.84
2001-12-14,5.14,3.08,1.88
2001-12-07,4.92,3.02,2.02
2001-11-30,4.92,3.03,1.95
2001-11-23,4.93,3.05,2.01
2001-11-16,4.66,2.83,2.03
2001-11-09,4.30,2.40,2.36
2001-11-02,4.37,2.49,2.55
2001-10-26,4.60,2.72,2.49
2001-10-19,4.60,2.78,2.44
2001-10-12,4.65,2.80,2.44
2001-10-05,4.53,2.76,2.71
2001-09-28,4.66,2.86,2.99
2001-09-21,4.70,2.91,2.47
2001-09-14,4.68,3.13,3.49
2001-09-07,4.91,3.70,3.63
2001-08-31,4.84,3.68,3.52
2001-08-24,4.90,3.73,3.63
2001-08-17,4.95,3.73,3.75
2001-08-10,5.08,3.81,3.7
2001-08-03,5.13,3.86,3.79
2001-07-27,5.16,3.95,3.81
2001-07-20,5.17,4.02,3.76
2001-07-13,5.31,4.10,3.67
2001-07-06,5.41,4.21,3.89
2001-06-29,5.29,4.10,3.91
2001-06-22,5.23,3.97,3.95
2001-06-15,5.28,4.07,4
2001-06-08,5.32,4.15,4.08
2001-06-01,5.48,4.28,3.98
2001-05-25,5.46,4.33,3.98
2001-05-18,5.46,4.30,4.37
2001-05-11,5.29,4.16,4.43
2001-05-04,5.28,4.23,4.53
2001-04-27,5.25,4.19,4.42
2001-04-20,5.24,4.34,4.98
2001-04-13,5.08,4.25,4.96
2001-04-06,4.95,4.15,5.21
2001-03-30,4.95,4.29,5
2001-03-23,4.78,4.24,5.33
2001-03-16,4.86,4.34,5.46
2001-03-09,4.95,4.46,5.49
2001-03-02,4.95,4.44,5.5
2001-02-23,5.13,4.64,5.5
2001-02-16,5.11,4.78,5.47
2001-02-09,5.13,4.70,5.51
2001-02-02,5.20,4.66,5.94
2001-01-26,5.29,4.79,5.96
2001-01-19,5.19,4.80,6.02
2001-01-12,5.08,4.72,5.91
2001-01-05,5.01,4.78,5.88
2000-12-29,5.10,5.12,6.48
2000-12-22,5.10,5.23,6.53
2000-12-15,5.29,5.46,6.47
2000-12-08,5.39,5.49,6.57
2000-12-01,5.56,5.71,6.50
2000-11-24,5.65,5.86,6.51
2000-11-17,5.73,5.89,6.52
2000-11-10,5.85,5.97,6.49
2000-11-03,5.76,5.92,6.55
2000-10-27,5.66,5.88,6.51
2000-10-20,5.68,5.85,6.49
2000-10-13,5.76,5.90,6.47
2000-10-06,5.86,6.00,6.58
2000-09-29,5.82,6.04,6.50
2000-09-22,5.88,6.08,6.50
2000-09-15,5.78,6.10,6.50
2000-09-08,5.73,6.11,6.56
2000-09-01,5.76,6.20,6.54
2000-08-25,5.75,6.23,6.46
2000-08-18,5.80,6.28,6.53
2000-08-11,5.85,6.19,6.45
2000-08-04,5.98,6.23,6.49
2000-07-28,6.04,6.31,6.50
2000-07-21,6.10,6.40,6.50
2000-07-14,6.06,6.34,6.44
2000-07-07,6.01,6.31,6.85
2000-06-30,6.08,6.44,6.53
2000-06-23,6.09,6.48,6.51
2000-06-16,6.06,6.45,6.50
2000-06-09,6.13,6.53,6.49
2000-06-02,6.26,6.64,6.53
2000-05-26,6.42,6.77,6.50
2000-05-19,6.49,6.89,6.16
2000-05-12,6.50,6.86,5.96
2000-05-05,6.40,6.76,6.06
2000-04-28,6.15,6.53,5.97
2000-04-21,6.01,6.34,6.04
2000-04-14,5.89,6.35,5.98
2000-04-07,5.92,6.38,6.12
2000-03-31,6.13,6.57,6.01
2000-03-24,6.14,6.54,5.81
2000-03-17,6.28,6.50,5.79
2000-03-10,6.39,6.51,5.73
2000-03-03,6.39,6.51,5.77
2000-02-25,6.38,6.54,5.72
2000-02-18,6.55,6.65,5.75
2000-02-11,6.62,6.68,5.71
2000-02-04,6.58,6.61,5.66
2000-01-28,6.68,6.48,5.43
2000-01-21,6.77,6.48,5.59
2000-01-14,6.66,6.43,5.62
2000-01-07,6.56,6.34,4.72
1999-12-31,6.41,6.22,5.01
1999-12-24,6.39,6.23,5.46
1999-12-17,6.24,6.09,5.44
1999-12-10,6.13,5.96,5.45
1999-12-03,6.20,6.03,5.63
1999-11-26,6.10,5.96,5.52
1999-11-19,6.02,5.87,5.44
1999-11-12,5.96,5.78,5.20
1999-11-05,6.00,5.78,5.27
1999-10-29,6.16,5.92,5.18
1999-10-22,6.18,5.92,5.18
1999-10-15,6.11,5.85,5.17
1999-10-08,6.02,5.78,5.27
1999-10-01,5.92,5.66,5.27
1999-09-24,5.88,5.64,5.16
1999-09-17,5.92,5.66,5.24
1999-09-10,5.94,5.68,5.16
1999-09-03,5.97,5.72,5.34
1999-08-27,5.81,5.61,5.02
1999-08-20,5.91,5.68,5.03
1999-08-13,6.08,5.77,4.96
1999-08-06,5.95,5.64,5.06
1999-07-30,5.86,5.59,5.01
1999-07-23,5.72,5.49,4.96
1999-07-16,5.72,5.52,4.97
1999-07-09,5.87,5.62,5.00
1999-07-02,5.87,5.61,4.95
1999-06-25,5.98,5.69,4.71
1999-06-18,5.91,5.60,4.73
1999-06-11,5.89,5.62,4.71
1999-06-04,5.80,5.55,4.65
1999-05-28,5.56,5.35,4.73
1999-05-21,5.61,5.34,4.76
1999-05-14,5.53,5.19,4.70
1999-05-07,5.45,5.13,4.90
1999-04-30,5.26,5.03,4.79
1999-04-23,5.20,5.00,4.61
1999-04-16,5.14,4.96,4.68
1999-04-09,5.11,4.91,4.80
1999-04-02,5.24,4.99,4.84
1999-03-26,5.20,5.02,4.79
1999-03-19,5.14,5.00,4.79
1999-03-12,5.21,5.05,4.80
1999-03-05,5.38,5.18,4.85
1999-02-26,5.18,5.05,4.75
1999-02-19,5.03,4.93,4.75
1999-02-12,4.95,4.81,4.77
1999-02-05,4.84,4.73,4.75
1999-01-29,4.67,4.59,4.66
1999-01-22,4.70,4.63,4.64
1999-01-15,4.75,4.61,4.75
1999-01-08,4.76,4.64,4.30
1999-01-01,4.70,4.61,4.48
1998-12-25,4.75,4.67,4.69
1998-12-18,4.59,4.43,4.97
1998-12-11,4.60,4.45,4.68
1998-12-04,4.64,4.43,4.86
1998-11-27,4.83,4.64,4.54
1998-11-20,4.85,4.62,4.89
1998-11-13,4.82,4.52,4.80
1998-11-06,4.83,4.40,5.22
1998-10-30,4.63,4.10,4.95
1998-10-23,4.59,4.07,4.87
1998-10-16,4.58,4.05,5.14
1998-10-09,4.41,4.11,5.22
1998-10-02,4.46,4.31,5.58
1998-09-25,4.67,4.53,5.42
1998-09-18,4.83,4.70,5.54
1998-09-11,4.90,4.74,5.47
1998-09-04,5.05,4.91,5.61
1998-08-28,5.20,5.09,5.48
1998-08-21,5.39,5.32,5.59
1998-08-14,5.40,5.34,5.50
1998-08-07,5.43,5.40,5.61
1998-07-31,5.50,5.48,5.54
1998-07-24,5.46,5.47,5.50
1998-07-17,5.49,5.46,5.49
1998-07-10,5.41,5.43,5.47
1998-07-03,5.44,5.48,5.88
1998-06-26,5.46,5.51,5.42
1998-06-19,5.47,5.51,5.58
1998-06-12,5.51,5.52,5.43
1998-06-05,5.57,5.55,5.63
1998-05-29,5.57,5.56,5.45
1998-05-22,5.64,5.60,5.60
1998-05-15,5.70,5.62,5.49
1998-05-08,5.68,5.59,5.35
1998-05-01,5.75,5.66,5.40
1998-04-24,5.67,5.60,5.37
1998-04-17,5.61,5.56,5.47
1998-04-10,5.55,5.47,5.48
1998-04-03,5.61,5.55,5.60
1998-03-27,5.63,5.57,5.43
1998-03-20,5.57,5.51,5.47
1998-03-13,5.62,5.53,5.45
1998-03-06,5.75,5.61,5.60
1998-02-27,5.63,5.54,5.51
1998-02-20,5.50,5.38,5.54
1998-02-13,5.57,5.39,5.43
1998-02-06,5.59,5.35,5.52
1998-01-30,5.63,5.40,5.53
1998-01-23,5.59,5.36,5.53
1998-01-16,5.45,5.28,5.45
1998-01-09,5.49,5.35,5.74
1998-01-02,5.75,5.66,5.45
1997-12-26,5.74,5.69,5.44
1997-12-19,5.77,5.68,5.66
1997-12-12,5.87,5.74,5.40
1997-12-05,5.86,5.76,5.58
1997-11-28,5.86,5.73,5.49
1997-11-21,5.84,5.70,5.51
1997-11-14,5.88,5.71,5.5
1997-11-07,5.92,5.71,5.6
1997-10-31,5.9,5.65,5.5
1997-10-24,6.09,5.86,5.54
1997-10-17,6.11,5.85,5.45
1997-10-10,6.04,5.76,5.46
1997-10-03,6.06,5.76,5.58
1997-09-26,6.08,5.8,5.45
1997-09-19,6.14,5.83,5.58
1997-09-12,6.34,5.98,5.48
1997-09-05,6.34,5.97,5.64
1997-08-29,6.36,5.98,5.56
1997-08-22,6.27,5.9,5.59
1997-08-15,6.33,5.95,5.45
1997-08-08,6.26,5.94,5.62
1997-08-01,6.11,5.81,5.57
1997-07-25,6.18,5.89,5.43
1997-07-18,6.23,5.9,5.44
1997-07-11,6.26,5.91,5.48
1997-07-04,6.42,6.01,5.82
1997-06-27,6.45,6.04,5.42
1997-06-20,6.4,6.03,5.62
1997-06-13,6.52,6.12,5.48
1997-06-06,6.61,6.19,5.54
1997-05-30,6.75,6.29,5.43
1997-05-23,6.73,6.26,5.52
1997-05-16,6.68,6.26,5.49
1997-05-09,6.7,6.3,5.55
1997-05-02,6.76,6.33,5.61
1997-04-25,6.89,6.48,5.48
1997-04-18,6.89,6.47,5.48
1997-04-11,6.92,6.46,5.37
1997-04-04,6.9,6.43,5.86
1997-03-28,6.79,6.36,5.4
1997-03-21,6.73,6.25,5.26
1997-03-14,6.63,6.14,5.19
1997-03-07,6.59,6.12,5.36
1997-02-28,6.5,6.01,5.16
1997-02-21,6.33,5.83,5.22
1997-02-14,6.37,5.85,5.05
1997-02-07,6.46,5.89,5.3
1997-01-31,6.62,6.03,5.18
1997-01-24,6.58,6.03,5.19
1997-01-17,6.56,6.01,5.19
1997-01-10,6.57,5.99,5.28
1997-01-03,6.45,5.9,5.37
1996-12-27,6.34,5.84,5.18
1996-12-20,6.4,5.85,5.38
1996-12-13,6.31,5.77,5.22
1996-12-06,6.15,5.66,5.52
1996-11-29,6.12,5.65,5.3
1996-11-22,6.16,5.68,5.41
1996-11-15,6.18,5.7,5.21
1996-11-08,6.3,5.76,5.32
1996-11-01,6.42,5.81,5.27
1996-10-25,6.55,5.93,5.22
1996-10-18,6.54,5.91,5.22
1996-10-11,6.55,5.94,5.14
1996-10-04,6.61,5.99,5.4
1996-09-27,6.73,6.12,5.34
1996-09-20,6.82,6.23,5.22
1996-09-13,6.88,6.27,5.16
1996-09-06,6.95,6.36,5.39
1996-08-30,6.84,6.22,5.21
1996-08-23,6.63,6,5.18
1996-08-16,6.56,5.96,5.1
1996-08-09,6.54,5.95,5.38
1996-08-02,6.76,6.17,5.53
1996-07-26,6.85,6.25,5.25
1996-07-19,6.81,6.22,5.23
1996-07-12,6.95,6.34,5.26
1996-07-05,6.85,6.25,5.53
1996-06-28,6.86,6.25,5.21
1996-06-21,6.95,6.32,5.45
1996-06-14,6.99,6.36,5.24
1996-06-07,6.85,6.26,5.33
1996-05-31,6.77,6.17,5.19
1996-05-24,6.65,6.03,5.22
1996-05-17,6.68,6.04,5.26
1996-05-10,6.82,6.14,5.22
1996-05-03,6.74,6.08,5.3
1996-04-26,6.53,5.94,5.24
1996-04-19,6.52,5.95,5.24
1996-04-12,6.6,6.07,5.08
1996-04-05,6.35,5.84,5.3
1996-03-29,6.32,5.78,5.22
1996-03-22,6.36,5.79,5.36
1996-03-15,6.37,5.76,5.24
1996-03-08,6.08,5.4,5.57
1996-03-01,6.06,5.32,5.31
1996-02-23,5.97,5.15,5.17
1996-02-16,5.65,4.84,5.09
1996-02-09,5.67,4.91,5.21
1996-02-02,5.64,4.98,5.53
1996-01-26,5.65,5.09,5.44
1996-01-19,5.58,5.04,5.61
1996-01-12,5.74,5.2,5.53
1996-01-05,5.63,5.18,5.35
1995-12-29,5.64,5.22,5.48
1995-12-22,5.78,5.35,5.9
1995-12-15,5.73,5.38,5.73
1995-12-08,5.68,5.33,5.75
1995-12-01,5.82,5.4,5.91
1995-11-24,5.92,5.49,5.81
1995-11-17,5.96,5.48,5.74
1995-11-10,5.97,5.51,5.71
1995-11-03,5.98,5.54,5.76
1995-10-27,6.04,5.67,5.76
1995-10-20,5.99,5.68,5.71
1995-10-13,6.05,5.72,5.72
1995-10-06,6.1,5.76,6
1995-09-29,6.26,5.89,5.8
1995-09-22,6.17,5.79,5.78
1995-09-15,6.15,5.76,5.73
1995-09-08,6.2,5.8,5.77
1995-09-01,6.31,5.86,5.71
1995-08-25,6.52,6.04,5.7
1995-08-18,6.57,6.1,5.74
1995-08-11,6.5,5.95,5.73
1995-08-04,6.48,5.91,5.83
1995-07-28,6.46,5.94,5.75
1995-07-21,6.37,5.86,5.72
1995-07-14,6.09,5.61,5.81
1995-07-07,6.12,5.67,6.21
1995-06-30,6.17,5.75,5.95
1995-06-23,6.1,5.66,6
1995-06-16,6.21,5.75,6.02
1995-06-09,6.2,5.74,6.03
1995-06-02,6.23,5.76,6.02
1995-05-26,6.49,6.06,5.99
1995-05-19,6.59,6.15,6.02
1995-05-12,6.66,6.15,6
1995-05-05,6.93,6.43,6.05
1995-04-28,7.03,6.52,5.99
1995-04-21,7.03,6.46,6.07
1995-04-14,7.08,6.61,5.98
1995-04-07,7.12,6.69,6.2
1995-03-31,7.15,6.73,6.06
1995-03-24,7.16,6.71,5.97
1995-03-17,7.11,6.71,5.94
1995-03-10,7.35,6.91,5.93
1995-03-03,7.27,6.83,5.88
1995-02-24,7.36,6.96,5.94
1995-02-17,7.48,7.15,5.93
1995-02-10,7.56,7.22,5.95
1995-02-03,7.62,7.27,5.63
1995-01-27,7.78,7.45,5.42
1995-01-20,7.74,7.48,5.45
1995-01-13,7.8,7.57,5.53
1995-01-06,7.86,7.66,5.4
1994-12-30,7.81,7.69,5.45
1994-12-23,7.82,7.63,5.56
1994-12-16,7.82,7.61,5.48
1994-12-09,7.79,7.51,5.47
1994-12-02,7.89,7.41,5.85
1994-11-25,7.91,7.24,5.53
1994-11-18,7.97,7.15,5.22
1994-11-11,8,7.04,4.74
1994-11-04,7.94,6.95,4.77
1994-10-28,7.86,6.86,4.72
1994-10-21,7.71,6.69,4.72
1994-10-14,7.65,6.63,4.62
1994-10-07,7.72,6.69,5.07
1994-09-30,7.6,6.56,4.66
1994-09-23,7.54,6.47,4.73
1994-09-16,7.44,6.35,4.7
1994-09-09,7.33,6.25,4.74
1994-09-02,7.21,6.17,4.72
1994-08-26,7.27,6.23,4.66
1994-08-19,7.24,6.21,4.35
1994-08-12,7.31,6.23,4.26
1994-08-05,7.15,6.03,4.28
1994-07-29,7.26,6.14,4.28
1994-07-22,7.23,6.05,4.3
1994-07-15,7.36,6.17,4.3
1994-07-08,7.34,6.15,4.38
1994-07-01,7.27,6.14,4.19
1994-06-24,7.17,5.99,4.19
1994-06-17,7.08,5.86,4.21
1994-06-10,6.97,5.8,4.13
1994-06-03,7.09,5.94,4.27
1994-05-27,7.14,5.94,4.22
1994-05-20,7.06,5.85,4.02
1994-05-13,7.37,6.15,3.7
1994-05-06,7.16,5.91,3.76
1994-04-29,6.96,5.67,3.59
1994-04-22,7.03,5.66,3.59
1994-04-15,6.93,5.45,3.37
1994-04-08,6.97,5.44,3.69
1994-04-01,6.72,5.18,3.49
1994-03-25,6.52,5.06,3.31
1994-03-18,6.45,4.98,3.19
1994-03-11,6.4,4.93,3.25
1994-03-04,6.29,4.8,3.28
1994-02-25,6.15,4.67,3.25
1994-02-18,5.95,4.48,3.25
1994-02-11,5.94,4.43,3.2
1994-02-04,5.8,4.24,3.17
1994-01-28,5.74,4.1,2.97
1994-01-21,5.74,4.11,3.13
1994-01-14,5.69,4.1,2.98
1994-01-07,5.85,4.25,3
1993-12-31,5.77,4.22,2.99
1993-12-24,5.79,4.21,2.99
1993-12-17,5.82,4.23,2.94
1993-12-10,5.71,4.19,2.92
1993-12-03,5.8,4.21,3.09
1993-11-26,5.83,4.2,2.98
1993-11-19,5.71,4.13,3.03
1993-11-12,5.68,4.13,2.96
1993-11-05,5.66,4.15,3.04
1993-10-29,5.44,3.97,2.97
1993-10-22,5.31,3.87,2.97
1993-10-15,5.24,3.82,2.91
1993-10-08,5.33,3.83,3.24
1993-10-01,5.33,3.83,3.05
1993-09-24,5.44,3.9,3.12
1993-09-17,5.35,3.88,3.03
1993-09-10,5.28,3.79,2.99
1993-09-03,5.41,3.83,3.08
1993-08-27,5.51,3.88,2.98
1993-08-20,5.66,3.97,3.06
1993-08-13,5.78,4.06,2.98
1993-08-06,5.85,4.15,3.1
1993-07-30,5.88,4.19,3.03
1993-07-23,5.83,4.14,3.09
1993-07-16,5.74,4,3.01
1993-07-09,5.79,4,3.1
1993-07-02,5.79,4.01,3.13
1993-06-25,5.89,4.15,3
1993-06-18,5.96,4.11,3.01
1993-06-11,6.06,4.27,2.96
1993-06-04,6.07,4.2,3.09
1993-05-28,6.14,4.21,3.07
1993-05-21,6.12,4.07,3.01
1993-05-14,5.96,3.86,2.9
1993-05-07,5.92,3.78,2.98
1993-04-30,6.01,3.83,2.87
1993-04-23,5.87,3.77,2.91
1993-04-16,5.9,3.8,2.93
1993-04-09,6.06,3.92,3.11
1993-04-02,6.07,3.95,3.18
1993-03-26,5.98,3.93,2.93
1993-03-19,6.03,3.99,3.04
1993-03-12,5.96,4.03,3.02
1993-03-05,5.9,3.85,3.24
1993-02-26,6.02,3.95,2.91
1993-02-19,6.24,4.04,3.06
1993-02-12,6.38,4.21,2.92
1993-02-05,6.4,4.19,3.15
1993-01-29,6.46,4.24,2.94
1993-01-22,6.59,4.37,3.1
1993-01-15,6.68,4.43,2.98
1993-01-08,6.67,4.52,3.03
1993-01-01,6.7,4.59,2.86
1992-12-25,6.68,4.63,2.94
1992-12-18,6.79,4.72,2.93
1992-12-11,6.77,4.65,2.94
1992-12-04,6.91,4.78,3.37
1992-11-27,6.86,4.69,3.1
1992-11-20,6.84,4.64,2.97
1992-11-13,6.88,4.51,2.91
1992-11-06,6.9,4.44,3.07
1992-10-30,6.78,4.35,2.96
1992-10-23,6.78,4.28,3.05
1992-10-16,6.54,4.02,3.2
1992-10-09,6.39,3.83,3.2
1992-10-02,6.32,3.75,3.41
1992-09-25,6.47,3.91,3.07
1992-09-18,6.39,3.86,3.28
1992-09-11,6.32,3.85,3.09
1992-09-04,6.53,4.07,3.33
1992-08-28,6.67,4.25,3.27
1992-08-21,6.5,4.08,3.33
1992-08-14,6.52,4.16,3.24
1992-08-07,6.65,4.29,3.33
1992-07-31,6.67,4.31,3.18
1992-07-24,6.82,4.28,3.22
1992-07-17,6.92,4.3,3.28
1992-07-10,6.9,4.41,3.24
1992-07-03,7.07,4.76,3.87
1992-06-26,7.2,4.96,3.72
1992-06-19,7.24,5,3.73
1992-06-12,7.32,5.1,3.69
1992-06-05,7.35,5.21,3.85
1992-05-29,7.4,5.26,3.8
1992-05-22,7.29,5.17,3.89
1992-05-15,7.34,5.16,3.84
1992-05-08,7.5,5.3,3.77
1992-05-01,7.59,5.4,3.65
1992-04-24,7.58,5.4,3.47
1992-04-17,7.38,5.21,3.65
1992-04-10,7.4,5.26,3.98
1992-04-03,7.49,5.53,4.09
1992-03-27,7.56,5.75,3.94
1992-03-20,7.63,5.84,4.04
1992-03-13,7.54,5.66,3.95
1992-03-06,7.45,5.53,4.08
1992-02-28,7.37,5.37,3.96
1992-02-21,7.44,5.32,4.2
1992-02-14,7.31,5.1,3.93
1992-02-07,7.25,5.07,4.17
1992-01-31,7.25,5.14,4.01
1992-01-24,7.14,5.02,3.87
1992-01-17,7.04,5.02,4.01
1992-01-10,6.8,4.74,4.19
1992-01-03,6.78,4.79,4.19
1991-12-27,6.86,4.83,4.22
1991-12-20,7.13,5.01,4.49
1991-12-13,7.21,5.07,4.54
1991-12-06,7.25,5.25,4.79
1991-11-29,7.42,5.44,4.68
1991-11-22,7.38,5.51,4.89
1991-11-15,7.37,5.61,4.74
1991-11-08,7.48,5.64,5.05
1991-11-01,7.52,5.75,5.1
1991-10-25,7.66,5.98,5.24
1991-10-18,7.5,5.9,5.28
1991-10-11,7.48,5.93,5.19
1991-10-04,7.45,5.97,5.33
1991-09-27,7.55,6.09,5.29
1991-09-20,7.61,6.18,5.44
1991-09-13,7.71,6.21,5.56
1991-09-06,7.8,6.3,5.6
1991-08-30,7.84,6.36,5.58
1991-08-23,7.82,6.28,5.68
1991-08-16,7.87,6.4,5.62
1991-08-09,7.98,6.56,5.83
1991-08-02,8.17,6.8,5.79
1991-07-26,8.25,6.89,5.75
1991-07-19,8.28,6.9,5.85
1991-07-12,8.32,6.95,5.79
1991-07-05,8.28,7,6.34
1991-06-28,8.31,6.98,5.79
1991-06-21,8.31,6.96,5.78
1991-06-14,8.31,7.04,5.75
1991-06-07,8.2,6.85,5.91
1991-05-31,8.06,6.64,5.72
1991-05-24,8.08,6.78,5.79
1991-05-17,8.11,6.85,5.78
1991-05-10,8.06,6.84,5.79
1991-05-03,8.02,6.81,5.92
1991-04-26,8.09,6.98,5.92
1991-04-19,8,6.95,5.69
1991-04-12,8.04,6.94,5.9
1991-04-05,8.03,6.97,6
1991-03-29,8.1,7.1,6.1
1991-03-22,8.18,7.15,6.1
1991-03-15,8.06,7.02,6.17
1991-03-08,8.1,7.13,6.47
1991-03-01,8,7.05,6.31
1991-02-22,7.86,6.91,6.26
1991-02-15,7.78,6.79,6.29
1991-02-08,7.82,6.81,6.32
1991-02-01,8.02,7.03,7.46
1991-01-25,8.04,7.09,6.88
1991-01-18,8.15,7.18,6.77
1991-01-11,8.18,7.15,6.4
1991-01-04,8,7.12,7.17
1990-12-28,8.15,7.28,7.16
1990-12-21,8.03,7.27,7.29
1990-12-14,7.97,7.28,7.25
1990-12-07,8.16,7.45,7.6
1990-11-30,8.29,7.54,7.56
1990-11-23,8.3,7.58,7.8
1990-11-16,8.35,7.59,7.94
1990-11-09,8.53,7.65,7.97
1990-11-02,8.64,7.75,8.17
1990-10-26,8.64,7.83,7.99
1990-10-19,8.74,7.9,7.96
1990-10-12,8.87,7.97,8.2
1990-10-05,8.69,7.88,8.23
1990-09-28,8.96,8.12,8.26
1990-09-21,8.92,8.08,8.18
1990-09-14,8.84,8.06,8.12
1990-09-07,8.85,8.06,8.25
1990-08-31,8.88,8.16,8.08
1990-08-24,8.92,8.23,8.3
1990-08-17,8.71,8,8.13
1990-08-10,8.72,7.98,8.07
1990-08-03,8.37,7.88,8.03
1990-07-27,8.48,8.07,8.05
1990-07-20,8.47,8.12,8.14
1990-07-13,8.53,8.3,8.28
1990-07-06,8.44,8.25,8.33
1990-06-29,8.51,8.36,8.28
1990-06-22,8.52,8.41,8.28
1990-06-15,8.44,8.31,8.3
1990-06-08,8.46,8.33,8.26
1990-06-01,8.58,8.46,8.19
1990-05-25,8.66,8.54,8.22
1990-05-18,8.68,8.56,8.16
1990-05-11,8.81,8.68,8.2
1990-05-04,9.02,8.94,8.12
1990-04-27,9.02,8.95,8.24
1990-04-20,8.83,8.75,8.27
1990-04-13,8.62,8.55,8.25
1990-04-06,8.59,8.57,8.33
1990-03-30,8.56,8.61,8.26
1990-03-23,8.55,8.66,8.27
1990-03-16,8.65,8.7,8.27
1990-03-09,8.61,8.59,8.28
1990-03-02,8.5,8.43,8.27
1990-02-23,8.58,8.48,8.25
1990-02-16,8.39,8.3,8.21
1990-02-09,8.48,8.37,8.22
1990-02-02,8.47,8.31,8.24
1990-01-26,8.36,8.22,8.23
1990-01-19,8.24,8.16,8.2
1990-01-12,8.04,7.91,8.22
1990-01-05,7.98,7.91,8.32
1989-12-29,7.93,7.89,8.38
1989-12-22,7.78,7.71,8.52
1989-12-15,7.82,7.78,8.47
1989-12-08,7.84,7.77,8.52
1989-12-01,7.85,7.76,8.51
1989-11-24,7.83,7.71,8.46
1989-11-17,7.86,7.75,8.46
1989-11-10,7.92,7.86,8.69
1989-11-03,7.92,7.88,8.8
1989-10-27,7.89,7.81,8.72
1989-10-20,7.99,7.86,8.76
1989-10-13,8,7.96,8.93
1989-10-06,8.18,8.33,9.18
1989-09-29,8.31,8.41,9.02
1989-09-22,8.15,8.24,9.05
1989-09-15,8.13,8.15,8.96
1989-09-08,8.17,8.34,8.96
1989-09-01,8.25,8.41,8.96
1989-08-25,8.23,8.36,9.01
1989-08-18,8.18,8.26,9.04
1989-08-11,8.04,8.01,8.98
1989-08-04,7.82,7.61,8.95
1989-07-28,7.97,7.75,9.14
1989-07-21,8.07,7.88,9.24
1989-07-14,8.01,7.79,9.31
1989-07-07,8.08,7.95,9.58
1989-06-30,8.14,8.23,9.58
1989-06-23,8.34,8.5,9.48
1989-06-16,8.26,8.41,9.35
1989-06-09,8.28,8.38,9.68
1989-06-02,8.57,8.76,9.84
1989-05-26,8.63,8.86,9.74
1989-05-19,8.79,8.95,9.75
1989-05-12,9.05,9.11,9.86
1989-05-05,9.07,9.22,9.88
1989-04-28,9.09,9.33,9.86
1989-04-21,9.14,9.39,9.95
1989-04-14,9.27,9.56,9.82
1989-04-07,9.2,9.52,9.71
1989-03-31,9.37,9.81,9.88
1989-03-24,9.49,9.86,9.86
1989-03-17,9.35,9.67,9.83
1989-03-10,9.27,9.51,9.83
1989-03-03,9.33,9.55,9.8
1989-02-24,9.31,9.54,9.39
1989-02-17,9.21,9.39,9.27
1989-02-10,9.05,9.26,9.1
1989-02-03,9,9.14,9.16
1989-01-27,8.97,9.1,9.06
1989-01-20,9.02,9.13,9.13
1989-01-13,9.18,9.23,9.08
1989-01-06,9.24,9.28,9.22
1988-12-30,9.17,9.18,8.86
1988-12-23,9.08,9.09,8.87
1988-12-16,9.16,9.16,8.51
1988-12-09,9.03,8.99,8.59
1988-12-02,9.11,8.96,8.44
1988-11-25,9.1,8.89,8.33
1988-11-18,8.99,8.72,8.26
1988-11-11,8.91,8.55,8.31
1988-11-04,8.72,8.29,8.36
1988-10-28,8.77,8.34,8.29
1988-10-21,8.8,8.36,8.27
1988-10-14,8.81,8.33,8.27
1988-10-07,8.83,8.39,8.38
1988-09-30,8.99,8.52,8.24
1988-09-23,8.96,8.44,8.17
1988-09-16,8.93,8.4,8.13
1988-09-09,8.98,8.45,8.15
1988-09-02,9.21,8.66,8.15
1988-08-26,9.36,8.75,8.02
1988-08-19,9.36,8.73,8.19
1988-08-12,9.27,8.61,7.75
1988-08-05,9.04,8.36,7.84
1988-07-29,9.12,8.39,7.8
1988-07-22,9.13,8.34,7.83
1988-07-15,9.08,8.29,7.59
1988-07-08,8.93,8.12,7.81
1988-07-01,8.86,8.04,7.63
1988-06-24,8.94,8.08,7.54
1988-06-17,8.84,7.94,7.43
1988-06-10,8.96,8,7.37
1988-06-03,9.07,8.12,7.41
1988-05-27,9.22,8.18,7.14
1988-05-20,9.14,8.02,7.04
1988-05-13,9.04,7.95,7.02
1988-05-06,8.93,7.8,6.82
1988-04-29,8.82,7.67,6.85
1988-04-22,8.81,7.62,6.93
1988-04-15,8.63,7.52,6.81
1988-04-08,8.62,7.55,6.82
1988-04-01,8.57,7.42,6.62
1988-03-25,8.48,7.38,6.51
1988-03-18,8.33,7.21,6.61
1988-03-11,8.32,7.23,6.51
1988-03-04,8.17,7.12,6.6
1988-02-26,8.2,7.17,6.64
1988-02-19,8.29,7.24,6.65
1988-02-12,8.18,7.14,6.38
1988-02-05,8.2,7.2,6.77
1988-01-29,8.39,7.39,6.66
1988-01-22,8.57,7.57,6.89
1988-01-15,8.84,7.75,6.81
1988-01-08,8.84,7.81,7.02
1988-01-01,8.85,7.82,6.81
1987-12-25,8.87,7.85,6.75
1987-12-18,9.05,7.91,6.58
1987-12-11,9.14,7.93,6.84
1987-12-04,8.98,7.75,6.89
1987-11-27,8.95,7.76,6.78
1987-11-20,8.83,7.72,6.77
1987-11-13,8.8,7.67,6.68
1987-11-06,8.84,7.62,6.43
1987-10-30,8.9,7.6,7.03
1987-10-23,9.36,8.09,7.37
1987-10-16,10.11,9.13,7.59
1987-10-09,9.78,8.83,7.43
1987-10-02,9.61,8.58,7.56
1987-09-25,9.45,8.37,7.26
1987-09-18,9.43,8.31,7.21
1987-09-11,9.43,8.39,6.95
1987-09-04,9.18,8.11,6.85
1987-08-28,8.85,7.89,6.76
1987-08-21,8.71,7.73,6.74
1987-08-14,8.68,7.67,6.58
1987-08-07,8.75,7.69,6.75
1987-07-31,8.62,7.62,6.63
1987-07-24,8.52,7.46,6.57
1987-07-17,8.38,7.35,6.52
1987-07-10,8.32,7.36,6.64
1987-07-03,8.35,7.45,6.61
1987-06-26,8.28,7.49,6.79
1987-06-19,8.27,7.45,6.75
1987-06-12,8.5,7.65,6.7
1987-06-05,8.58,7.74,6.65
1987-05-29,8.55,7.78,6.8
1987-05-22,8.84,8,6.77
1987-05-15,8.61,7.73,6.75
1987-05-08,8.49,7.6,7.3
1987-05-01,8.32,7.44,6.5
1987-04-24,8.3,7.24,6.26
1987-04-17,8.12,7.05,6.41
1987-04-10,7.71,6.69,6.13
1987-04-03,7.56,6.61,6.21
1987-03-27,7.27,6.45,6.14
1987-03-20,7.21,6.4,6.08
1987-03-13,7.22,6.43,6.12
1987-03-06,7.18,6.36,6.06
1987-02-27,7.2,6.35,5.95
1987-02-20,7.28,6.39,6.21
1987-02-13,7.31,6.48,6.14
1987-02-06,7.22,6.37,6.22
1987-01-30,7.15,6.26,6.13
1987-01-23,7.03,6.18,6.01
1987-01-16,7.07,6.22,6.01
1987-01-09,7.05,6.22,7.62
1987-01-02,7.2,6.36,9.2
1986-12-26,7.08,6.3,6.31
1986-12-19,7.12,6.3,6.3
1986-12-12,7.09,6.22,5.97
1986-12-05,7.09,6.21,6.25
1986-11-28,7.14,6.21,6
1986-11-21,7.21,6.26,6.13
1986-11-14,7.34,6.37,5.98
1986-11-07,7.31,6.27,6.02
1986-10-31,7.39,6.3,5.86
1986-10-24,7.52,6.37,5.91
1986-10-17,7.53,6.3,5.83
1986-10-10,7.31,6.14,5.75
1986-10-03,7.43,6.35,6.08
1986-09-26,7.52,6.42,5.81
1986-09-19,7.56,6.43,5.88
1986-09-12,7.46,6.35,5.82
1986-09-05,7.18,6.12,5.83
1986-08-29,7.02,6.05,5.87
1986-08-22,7.04,6.21,6.38
1986-08-15,7.19,6.42,6.31
1986-08-08,7.39,6.58,6.36
1986-08-01,7.41,6.65,6.32
1986-07-25,7.26,6.63,6.42
1986-07-18,7.19,6.58,6.51
1986-07-11,7.33,6.72,6.87
1986-07-04,7.35,6.78,7.02
1986-06-27,7.45,6.93,6.86
1986-06-20,7.62,7.07,6.87
1986-06-13,7.98,7.32,6.89
1986-06-06,8.23,7.49,6.95
1986-05-30,7.88,7.26,6.85
1986-05-23,7.9,7.22,6.87
1986-05-16,7.75,7.09,6.82
1986-05-09,7.44,6.82,6.87
1986-05-02,7.44,6.85,6.88
1986-04-25,7.35,6.7,6.92
1986-04-18,7.1,6.47,6.97
1986-04-11,7.31,6.67,7.05
1986-04-04,7.39,6.9,7.39
1986-03-28,7.63,7.1,7.25
1986-03-21,7.8,7.2,7.47
1986-03-14,7.72,7.17,7.52
1986-03-07,8.01,7.43,7.89
1986-02-28,8.29,7.81,7.82
1986-02-21,8.62,8,7.84
1986-02-14,8.87,8.05,7.85
1986-02-07,9.02,8.01,7.97
1986-01-31,9.09,8.03,7.83
1986-01-24,9.24,8.17,7.87
1986-01-17,9.35,8.27,7.94
1986-01-10,9.16,8.15,8.2
1986-01-03,9.03,8.01,9.55
1985-12-27,9.05,8,8.02
1985-12-20,9.09,8,8.05
1985-12-13,9.31,8.12,8.03
1985-12-06,9.65,8.5,8.49
1985-11-29,9.65,8.51,7.71
1985-11-22,9.68,8.52,8.13
1985-11-15,9.82,8.6,7.95
1985-11-08,9.92,8.66,8.3
1985-11-01,10.07,8.76,7.89
1985-10-25,10.16,8.85,8.14
1985-10-18,10.23,8.87,8.03
1985-10-11,10.37,8.96,7.84
1985-10-04,10.32,8.85,8.12
1985-09-27,10.3,8.79,7.96
1985-09-20,10.4,9.05,7.85
1985-09-13,10.48,9.11,7.8
1985-09-06,10.29,8.97,7.88
1985-08-30,10.17,8.86,7.78
1985-08-23,10.16,8.85,8.06
1985-08-16,10.37,8.95,7.88
1985-08-09,10.53,9.06,7.92
1985-08-02,10.61,9.05,7.64
1985-07-26,10.51,8.97,7.88
1985-07-19,10.23,8.73,7.77
1985-07-12,10.12,8.62,8.07
1985-07-05,10.14,8.59,8.06
1985-06-28,10.43,8.85,7.46
1985-06-21,10.08,8.55,7.13
1985-06-14,10.12,8.72,7.62
1985-06-07,10,8.63,7.75
1985-05-31,10.39,9.01,7.6
1985-05-24,10.6,9.13,7.91
1985-05-17,10.89,9.44,8.14
1985-05-10,11.17,9.68,8.19
1985-05-03,11.33,9.85,8.35
1985-04-26,11.27,9.84,7.69
1985-04-19,11.24,9.88,8.46
1985-04-12,11.57,10.29,8.45
1985-04-05,11.71,10.49,8.68
1985-03-29,11.77,10.59,8.38
1985-03-22,11.92,10.81,8.75
1985-03-15,11.85,10.73,8.52
1985-03-08,11.87,10.73,8.63
1985-03-01,11.83,10.53,8.4
1985-02-22,11.57,10.19,8.57
1985-02-15,11.37,10.02,8.44
1985-02-08,11.37,10.03,8.59
1985-02-01,11.15,9.86,8.45
1985-01-25,11.16,9.79,8.19
1985-01-18,11.49,9.99,8.23
1985-01-11,11.5,10.01,8.27
1985-01-04,11.64,10.05,8.75
1984-12-28,11.42,9.94,7.95
1984-12-21,11.37,9.94,7.99
1984-12-14,11.61,10.36,8.7
1984-12-07,11.58,10.47,8.83
1984-11-30,11.39,10.37,9
1984-11-23,11.44,10.49,9.47
1984-11-16,11.75,10.82,9.55
1984-11-09,11.71,10.84,9.87
1984-11-02,11.76,11.08,9.73
1984-10-26,11.85,11.22,9.45
1984-10-19,12.19,11.63,10.22
1984-10-12,12.33,11.82,10.01
1984-10-05,12.51,12.03,11.2
1984-09-28,12.46,12.06,10.73
1984-09-21,12.35,12.04,11.46
1984-09-14,12.51,12.24,11.52
1984-09-07,12.83,12.55,11.68
1984-08-31,12.82,12.55,11.5
1984-08-24,12.66,12.43,11.77
1984-08-17,12.71,12.4,11.63
1984-08-10,12.67,12.38,11.59
1984-08-03,12.82,12.5,11.53
1984-07-27,13.11,12.7,11.19
1984-07-20,13.32,12.88,11.21
1984-07-13,13.46,12.97,11.25
1984-07-06,13.8,13.12,10.91
1984-06-29,13.79,13.15,11.27
1984-06-22,13.55,12.98,11.49
1984-06-15,13.43,12.83,10.85
1984-06-08,13.47,12.71,10.72
1984-06-01,13.86,12.94,10.3
1984-05-25,13.59,12.65,9.75
1984-05-18,13.49,12.5,10.52
1984-05-11,13.23,12.33,10.46
1984-05-04,12.89,11.96,10.7
1984-04-27,12.74,11.79,9.98
1984-04-20,12.66,11.69,10.37
1984-04-13,12.49,11.55,10.13
1984-04-06,12.61,11.67,10.41
1984-03-30,12.46,11.54,9.97
1984-03-23,12.46,11.52,10.04
1984-03-16,12.29,11.24,9.79
1984-03-09,12.18,11.09,9.74
1984-03-02,12.05,11,9.62
1984-02-24,11.97,10.94,9.6
1984-02-17,11.85,10.78,9.53
1984-02-10,11.74,10.67,9.58
1984-02-03,11.63,10.56,9.41
1984-01-27,11.63,10.63,9.53
1984-01-20,11.59,10.56,9.54
1984-01-13,11.71,10.66,9.53
1984-01-06,11.79,10.77,10.06
1983-12-30,11.79,10.85,8.96
1983-12-23,11.82,10.86,9.62
1983-12-16,11.93,10.89,9.52
1983-12-09,11.82,10.79,9.49
1983-12-02,11.64,10.69,9.27
1983-11-25,11.59,10.63,9.26
1983-11-18,11.7,10.66,9.42
1983-11-11,11.8,10.72,9.36
1983-11-04,11.75,10.65,9.4
1983-10-28,11.68,10.63,9.36
1983-10-21,11.47,10.51,9.36
1983-10-14,11.6,10.67,9.46
1983-10-07,11.38,10.49,10
1983-09-30,11.46,10.56,9.04
1983-09-23,11.59,10.7,9.48
1983-09-16,11.69,10.83,9.54
1983-09-09,11.76,10.95,9.53
1983-09-02,11.94,11.14,9.44
1983-08-26,11.58,10.8,9.41
1983-08-19,11.71,10.93,9.67
1983-08-12,12.1,11.34,9.66
1983-08-05,11.95,11.18,9.59
1983-07-29,11.57,10.83,9.46
1983-07-22,11.36,10.7,9.43
1983-07-15,11.4,10.71,9.21
1983-07-08,11.25,10.57,9.39
1983-07-01,11.01,10.29,8.9
1983-06-24,10.87,10.32,9.14
1983-06-17,10.71,10.08,8.84
1983-06-10,10.87,10.16,8.84
1983-06-03,10.79,9.99,8.77
1983-05-27,10.59,9.81,8.72
1983-05-20,10.45,9.54,8.59
1983-05-13,10.21,9.27,8.48
1983-05-06,10.19,9.23,8.8
1983-04-29,10.33,9.44,8.58
1983-04-22,10.38,9.57,8.7
1983-04-15,10.37,9.54,8.76
1983-04-08,10.52,9.72,9.43
1983-04-01,10.62,9.89,8.88
1983-03-25,10.6,9.83,8.75
1983-03-18,10.52,9.66,8.57
1983-03-11,10.51,9.61,8.59
1983-03-04,10.25,9.27,8.44
1983-02-25,10.4,9.38,8.47
1983-02-18,10.75,9.69,8.62
1983-02-11,10.92,9.79,8.5
1983-02-04,10.88,9.68,8.53
1983-01-28,10.68,9.49,8.44
1983-01-21,10.41,9.25,8.49
1983-01-14,10.32,9.17,8.42
1983-01-07,10.36,9.35,10.21
1982-12-31,10.43,9.52,8.79
1982-12-24,10.56,9.57,8.69
1982-12-17,10.56,9.62,8.86
1982-12-10,10.56,9.8,8.84
1982-12-03,10.69,9.89,8.69
1982-11-26,10.52,9.76,8.91
1982-11-19,10.56,9.86,9.61
1982-11-12,10.53,9.8,9.45
1982-11-05,10.48,9.68,9.43
1982-10-29,10.87,9.93,9.44
1982-10-22,10.67,9.8,9.53
1982-10-15,10.57,9.8,9.6
1982-10-08,11.33,10.95,10.77
1982-10-01,11.78,11.37,10.12
1982-09-24,12.14,11.68,10.31
1982-09-17,12.58,12.01,10.27
1982-09-10,12.58,11.9,10.14
1982-09-03,12.69,11.93,10.15
1982-08-27,12.51,11.67,9.04
1982-08-20,12.6,11.75,10.11
1982-08-13,13.57,13.01,10.9
1982-08-06,13.63,12.99,11.15
1982-07-30,13.85,13.34,11.02
1982-07-23,13.58,13.2,12.14
1982-07-16,13.93,14,13.18
1982-07-09,14.3,14.43,14.47
1982-07-02,14.54,14.75,14.81
1982-06-25,14.7,14.94,14.17
1982-06-18,14.36,14.6,14.24
1982-06-11,13.97,14.06,13.6
1982-06-04,13.92,13.95,13.43
1982-05-28,13.66,13.63,13.7
1982-05-21,13.57,13.71,14.67
1982-05-14,13.53,13.81,14.97
1982-05-07,13.73,13.96,15.53
1982-04-30,13.78,13.99,14.72
1982-04-23,13.69,14.09,15.01
1982-04-16,13.85,14.27,14.68
1982-04-09,14.13,14.4,15.15
1982-04-02,14.15,14.51,14.99
1982-03-26,13.86,14.18,14.48
1982-03-19,13.9,14.3,14.89
1982-03-12,13.8,14.04,14.35
1982-03-05,13.7,14.03,14.07
1982-02-26,13.92,14.32,13.86
1982-02-19,14.39,15.04,15.61
1982-02-12,14.84,15.1,15.19
1982-02-05,14.63,14.93,14.77
1982-01-29,14.42,14.55,13.98
1982-01-22,14.73,14.93,12.96
1982-01-15,14.76,14.67,12.42
1982-01-08,14.47,14.12,12.98
1982-01-01,14.07,13.88,12.54
1981-12-25,14,13.86,12.43
1981-12-18,13.58,13.22,12.26
1981-12-11,13.66,12.92,12.04
1981-12-04,13.32,12.61,12.48
1981-11-27,13.12,12.22,12.42
1981-11-20,13.09,12.4,13.17
1981-11-13,13.29,13,14.01
1981-11-06,14.22,14.15,14.79
1981-10-30,15.25,15.24,14.87
1981-10-23,15.21,15.5,15.32
1981-10-16,14.88,15.34,14.93
1981-10-09,15.02,15.69,15.46
1981-10-02,15.68,16.55,15
1981-09-25,15.21,16.13,15.33
1981-09-18,15.05,16.14,16.09
1981-09-11,15.37,16.77,16.5
1981-09-04,15.44,16.82,16.89
1981-08-28,15.32,16.71,17.41
1981-08-21,14.83,16.28,18.19
1981-08-14,14.61,15.97,18.29
1981-08-07,14.9,16.09,18.25
1981-07-31,14.59,15.77,18.54
1981-07-24,14.56,15.88,19.05
1981-07-17,14.08,15.02,18.76
1981-07-10,14,14.93,19.93
1981-07-03,13.88,14.74,18.84
1981-06-26,13.61,14.61,19.2
1981-06-19,13.29,14.36,19.1
1981-06-12,13.34,14.37,19.33
1981-06-05,13.53,14.65,18.4
1981-05-29,13.61,14.86,18.71
1981-05-22,13.92,15.5,18.89
1981-05-15,14.32,15.79,18.21
1981-05-08,14.46,15.7,18.91
1981-05-01,14.01,14.72,16.28
1981-04-24,13.78,14.45,15.55
1981-04-17,13.7,14.1,15.33
1981-04-10,13.56,13.9,15.43
1981-04-03,13.23,13.33,14.93
1981-03-27,13.27,13.54,13.48
1981-03-20,12.71,12.99,14.13
1981-03-13,13.04,13.7,15.53
1981-03-06,13.43,14.16,15.73
1981-02-27,13.32,14.02,14.96
1981-02-20,13.16,13.81,15.81
1981-02-13,13.39,14.22,16.51
1981-02-06,12.95,13.67,17.19
1981-01-30,12.74,13.39,18.12
1981-01-23,12.72,13.69,19.35
1981-01-16,12.53,13.15,19.64
1981-01-09,12.31,12.85,20.06
1981-01-02,12.36,13,18.45
1980-12-26,12.29,13.15,19.44
1980-12-19,13.18,14.77,19.83
1980-12-12,13.19,14.66,18.82
1980-12-05,12.91,14.21,17.72
1980-11-28,12.72,14,17.43
1980-11-21,12.69,13.58,15.22
1980-11-14,12.63,13.07,14.65
1980-11-07,12.69,13.39,13.99
1980-10-31,12.37,12.95,13.17
1980-10-24,11.76,12.2,12.55
1980-10-17,11.44,11.71,12.64
1980-10-10,11.42,11.56,12.59
1980-10-03,11.79,12.02,12.38
1980-09-26,11.82,12.1,10.85
1980-09-19,11.51,11.74,10.64
1980-09-12,11.26,11.19,10.22
1980-09-05,11.19,10.86,10.47
1980-08-29,11.59,11.47,10.03
1980-08-22,11.2,11.03,9.35
1980-08-15,10.93,10.06,8.85
1980-08-08,10.75,9.7,9.6
1980-08-01,10.59,9.47,8.98
1980-07-25,10.2,9.02,8.68
1980-07-18,10.2,8.95,8.98
1980-07-11,10.18,8.89,9.26
1980-07-04,10.11,8.94,9.41
1980-06-27,9.8,8.74,9.08
1980-06-20,9.51,8.49,8.99
1980-06-13,9.66,8.58,9.68
1980-06-06,10.07,9.06,10.74
1980-05-30,10.14,9.07,9.46
1980-05-23,10.16,9.21,10.71
1980-05-16,10.25,9.48,10.85
1980-05-09,10.08,9.6,12.96
1980-05-02,10.57,10.61,15.12
1980-04-25,10.9,11.44,17.56
1980-04-18,11.25,12.28,18.35
1980-04-11,12.05,13.61,19.04
1980-04-04,12.62,14.56,19.39
1980-03-28,13,15.16,17.78
1980-03-21,12.54,14.72,16.24
1980-03-14,12.54,14.67,16.45
1980-03-07,12.94,15.03,16.17
1980-02-29,13.2,14.7,14.62
1980-02-22,12.99,14.26,14.87
1980-02-15,12.01,12.71,13.64
1980-02-08,11.71,12.31,12.8
1980-02-01,11.19,11.86,13.54
1980-01-25,10.95,11.63,13.77
1980-01-18,10.71,11.37,13.91
1980-01-11,10.59,11.27,13.94
1980-01-04,10.52,11.39,14.04
1979-12-28,10.45,11.39,13.49
1979-12-21,10.37,11.39,13.9
1979-12-14,10.45,11.57,13.79
1979-12-07,10.29,11.24,13.77
1979-11-30,10.34,11.27,12.46
1979-11-23,10.71,12.02,13.1
1979-11-16,10.69,11.78,13.3
1979-11-09,10.87,12.15,13.77
1979-11-02,10.78,12.13,15.61
1979-10-26,10.89,12.44,15.14
1979-10-19,10.37,11.62,13.22
1979-10-12,10.09,11.24,12
1979-10-05,9.53,10.23,11.91
1979-09-28,9.38,10.05,11.61
1979-09-21,9.32,10.08,11.37
1979-09-14,9.31,10.06,11.3
1979-09-07,9.33,10.04,11.02
1979-08-31,9.17,9.75,11.16
1979-08-24,9.06,9.57,11.04
1979-08-17,9,9.38,10.8
1979-08-10,8.94,9.27,10.67
1979-08-03,8.97,9.27,10.75
1979-07-27,9.01,9.32,10.63
1979-07-20,9.01,9.13,10.35
1979-07-13,8.93,9.03,10.28
1979-07-06,8.79,8.97,10.42
1979-06-29,8.83,9,10.32
1979-06-22,8.95,9.25,10.28
1979-06-15,8.88,9.15,10.23
1979-06-08,8.97,9.41,10.23
1979-06-01,9.04,9.54,10.28
1979-05-25,9.11,9.63,10.17
1979-05-18,9.28,9.8,10.25
1979-05-11,9.37,9.91,10.25
1979-05-04,9.36,9.92,10.22
1979-04-27,9.25,9.8,10.09
1979-04-20,9.17,9.75,9.96
1979-04-13,9.18,9.83,9.93
1979-04-06,9.09,9.72,9.95
1979-03-30,9.09,9.72,10
1979-03-23,9.12,9.79,10.09
1979-03-16,9.12,9.82,10.21
1979-03-09,9.11,9.8,10.07
1979-03-02,9.18,9.89,10.06
1979-02-23,9.17,9.81,9.97
1979-02-16,9.12,9.68,10.15
1979-02-09,9.05,9.64,10.06
1979-02-02,8.94,9.62,10.12
1979-01-26,9.04,9.8,10.05
1979-01-19,9.16,9.91,10.05
1979-01-12,9.15,9.92,9.97
1979-01-05,9.14,9.93,10.59
1978-12-29,9.14,9.98,10.25
1978-12-22,9.14,9.93,9.75
1978-12-15,8.95,9.54,9.79
1978-12-08,8.86,9.5,9.87
1978-12-01,8.85,9.56,9.85
1978-11-24,8.78,9.35,9.68
1978-11-17,8.77,9.31,9.68
1978-11-10,8.86,9.48,9.77
1978-11-03,8.82,9.44,9.29
1978-10-27,8.69,8.96,9.24
1978-10-20,8.62,8.8,8.78
1978-10-13,8.54,8.7,8.71
1978-10-06,8.58,8.69,8.85
1978-09-29,8.55,8.73,8.62
1978-09-22,8.46,8.62,8.36
1978-09-15,8.31,8.45,8.33
1978-09-08,8.34,8.45,8.3
1978-09-01,8.38,8.46,8.28
1978-08-25,8.37,8.44,8.14
1978-08-18,8.48,8.41,7.87
1978-08-11,8.39,8.21,7.83
1978-08-04,8.46,8.37,7.89
1978-07-28,8.63,8.51,7.88
1978-07-21,8.65,8.5,7.94
1978-07-14,8.68,8.49,7.72
1978-07-07,8.62,8.45,7.72
1978-06-30,8.59,8.45,7.78
1978-06-23,8.49,8.36,7.53
1978-06-16,8.41,8.13,7.49
1978-06-09,8.38,8.07,7.47
1978-06-02,8.41,8.11,7.36
1978-05-26,8.39,8.09,7.43
1978-05-19,8.35,8.01,7.34
1978-05-12,8.35,7.99,7.32
1978-05-05,8.28,7.92,7.27
1978-04-28,8.21,7.87,7
1978-04-21,8.12,7.72,6.78
1978-04-14,8.15,7.68,6.74
1978-04-07,8.14,7.71,6.86
1978-03-31,8.12,7.65,6.82
1978-03-24,7.98,7.54,6.77
1978-03-17,8,7.54,6.77
1978-03-10,8.03,7.56,6.76
1978-03-03,8.04,7.59,6.8
1978-02-24,8.08,7.64,6.78
1978-02-17,8.08,7.61,6.76
1978-02-10,8,7.52,6.75
1978-02-03,7.96,7.47,6.8
1978-01-27,7.98,7.52,6.72
1978-01-20,7.98,7.55,6.78
1978-01-13,8.01,7.59,6.58
1978-01-06,7.83,7.26,6.69
1977-12-30,7.79,7.25,6.65
1977-12-23,7.73,7.19,6.54
1977-12-16,7.66,7.15,6.49
1977-12-09,7.63,7.15,6.51
1977-12-02,7.56,7.12,6.55
1977-11-25,7.54,7.12,6.51
1977-11-18,7.55,7.11,6.42
1977-11-11,7.6,7.16,6.58
1977-11-04,7.65,7.22,6.5
1977-10-28,7.57,7.17,6.49
1977-10-21,7.55,7.22,6.5
1977-10-14,7.54,7.14,6.41
1977-10-07,7.43,6.88,6.41
1977-09-30,7.4,6.82,6.35
1977-09-23,7.36,6.76,6.1
1977-09-16,7.35,6.73,6.05
1977-09-09,7.29,6.59,5.97
1977-09-02,7.27,6.56,6.02
1977-08-26,7.34,6.64,5.99
1977-08-19,7.44,6.7,5.94
1977-08-12,7.45,6.6,5.7
1977-08-05,7.43,6.52,5.8
1977-07-29,7.35,6.38,5.45
1977-07-22,7.32,6.34,5.35
1977-07-15,7.31,6.22,5.33
1977-07-08,7.33,6.15,5.35
1977-07-01,7.22,6.07,5.43
1977-06-24,7.25,6.11,5.43
1977-06-17,7.24,6.11,5.37
1977-06-10,7.35,6.16,5.31
1977-06-03,7.38,6.2,5.36
1977-05-27,7.41,6.27,5.45
1977-05-20,7.46,6.31,5.34
1977-05-13,7.5,6.29,5.31
1977-05-06,7.46,6.16,5.15
1977-04-29,7.4,6.04,4.82
1977-04-22,7.31,5.91,4.71
1977-04-15,7.32,5.88,4.65
1977-04-08,7.45,6.03,4.6
1977-04-01,7.45,6.05,4.74
1977-03-25,7.45,6.06,4.77
1977-03-18,7.45,6.08,4.62
1977-03-11,7.49,6.12,4.63
1977-03-04,7.46,6.11,4.68
1977-02-25,7.47,6.14,4.74
1977-02-18,7.35,6.03,4.7
1977-02-11,7.35,6.03,4.66
1977-02-04,7.4,6.18,4.6
1977-01-28,7.36,6.15,4.72
1977-01-21,7.29,6.01,4.65
1977-01-14,7.24,5.85,4.55
1977-01-07,6.92,5.53,4.47
1976-12-31,6.83,5.37,4.66
1976-12-24,6.85,5.35,4.63
1976-12-17,6.89,5.4,4.68
1976-12-10,6.88,5.39,4.67
1976-12-03,6.96,5.39,4.78
1976-11-26,7.12,5.53,4.9
1976-11-19,7.33,5.84,5.02
1976-11-12,7.45,6.04,4.98
1976-11-05,7.4,6.02,5.06
1976-10-29,7.46,6.04,4.99
1976-10-22,7.38,5.92,4.97
1976-10-15,7.34,5.8,5.02
1976-10-08,7.44,6.09,5.17
1976-10-01,7.55,6.34,5.32
1976-09-24,7.54,6.36,5.21
1976-09-17,7.6,6.42,5.22
1976-09-10,7.65,6.46,5.25
1976-09-03,7.67,6.53,5.28
1976-08-27,7.71,6.58,5.28
1976-08-20,7.75,6.6,5.29
1976-08-13,7.82,6.65,5.25
1976-08-06,7.83,6.73,5.36
1976-07-30,7.86,6.78,5.28
1976-07-23,7.86,6.9,5.3
1976-07-16,7.78,6.76,5.27
1976-07-09,7.82,6.91,5.37
1976-07-02,7.86,7.01,5.58
1976-06-25,7.81,7,5.48
1976-06-18,7.84,7.03,5.47
1976-06-11,7.88,7.06,5.44
1976-06-04,7.92,7.21,5.54
1976-05-28,7.96,,5.5
1976-05-21,7.95,,5.28
1976-05-14,7.93,,5.02
1976-05-07,7.74,,5.03
1976-04-30,7.62,,4.93
1976-04-23,7.52,,4.78
1976-04-16,7.49,,4.77
1976-04-09,7.57,,4.73
1976-04-02,7.66,,4.84
1976-03-26,7.66,,4.79
1976-03-19,7.75,,4.77
1976-03-12,7.76,,4.86
1976-03-05,7.83,,4.95
1976-02-27,7.71,,4.8
1976-02-20,7.79,,4.7
1976-02-13,7.85,,4.73
1976-02-06,7.84,,4.82
1976-01-30,7.81,,4.8
1976-01-23,7.77,,4.81
1976-01-16,7.7,,4.76
1976-01-09,7.69,,5.12
1976-01-02,7.75,,5.18
1975-12-26,7.83,,5.18
1975-12-19,7.97,,5.17
1975-12-12,8.19,,5.26
1975-12-05,8.12,,5.25
1975-11-28,8.15,,5.28
1975-11-21,8.14,,5.24
1975-11-14,7.97,,5.24
1975-11-07,7.93,,5.17
1975-10-31,7.96,,5.65
1975-10-24,8.03,,5.73
1975-10-17,8.13,,5.82
1975-10-10,8.26,,6.06
1975-10-03,8.44,,6.36
1975-09-26,8.37,,6.29
1975-09-19,8.52,,6.28
1975-09-12,8.47,,6.15
1975-09-05,8.3,,6.06
1975-08-29,8.35,,6.23
1975-08-22,8.45,,6.15
1975-08-15,8.42,,6.08
1975-08-08,8.4,,6.09
1975-08-01,8.17,,6.25
1975-07-25,8.09,,6.14
1975-07-18,8.02,,5.93
1975-07-11,8.02,,6.06
1975-07-04,8.01,,6.31
1975-06-27,7.95,,5.72
1975-06-20,7.79,,5.31
1975-06-13,7.71,,5.15
1975-06-06,7.97,,5.24
1975-05-30,8.06,,5.14
1975-05-23,8,,5.13
1975-05-16,8.04,,5.2
1975-05-09,8.09,,5.42
1975-05-02,8.28,,5.71
1975-04-25,8.28,,5.54
1975-04-18,8.19,,5.44
1975-04-11,8.21,,5.28
1975-04-04,8.12,,5.59
1975-03-28,8.05,,5.53
1975-03-21,7.8,,5.38
1975-03-14,7.57,,5.44
1975-03-07,7.5,,5.88
1975-02-28,7.44,,6.15
1975-02-21,7.27,,6.29
1975-02-14,7.42,,6.28
1975-02-07,7.42,,6.46
1975-01-31,7.58,,6.99
1975-01-24,7.57,,7.17
1975-01-17,7.51,,7.22
1975-01-10,7.38,,7.7
1975-01-03,7.41,,7.35
1974-12-27,7.4,,8.45
1974-12-20,7.28,,8.72
1974-12-13,7.39,,8.86
1974-12-06,7.67,,9.02
1974-11-29,7.63,,9.46
1974-11-22,7.61,,9.34
1974-11-15,7.72,,9.37
1974-11-08,7.76,,9.63
1974-11-01,7.82,,9.72
1974-10-25,7.84,,9.81
1974-10-18,7.87,,10.11
1974-10-11,7.94,,10.43
1974-10-04,7.99,,11.04
1974-09-27,7.94,,11.12
1974-09-20,8.07,,11.41
1974-09-13,8.07,,11.48
1974-09-06,8.11,,11.64
1974-08-30,8.14,,11.84
1974-08-23,8.05,,12.23
1974-08-16,8.04,,12.02
1974-08-09,7.99,,12.09
1974-08-02,7.9,,12.29
1974-07-26,7.77,,12.6
1974-07-19,7.88,,13.04
1974-07-12,7.82,,13.34
1974-07-05,7.68,,13.55
1974-06-28,7.62,,11.97
1974-06-21,7.53,,11.85
1974-06-14,7.49,,11.6
1974-06-07,7.51,,11.45
1974-05-31,7.51,,11.54
1974-05-24,7.54,,10.95
1974-05-17,7.55,,11.46
1974-05-10,7.66,,11.29
1974-05-03,7.63,,11.17
1974-04-26,7.58,,10.78
1974-04-19,7.46,,10.36
1974-04-12,7.48,,10.02
1974-04-05,7.47,,9.93
1974-03-29,7.38,,9.61
1974-03-22,7.28,,9.33
1974-03-15,7.12,,9.03
1974-03-08,7.08,,8.98
1974-03-01,7.01,,8.81
1974-02-22,6.96,,9.07
1974-02-15,6.93,,8.93
1974-02-08,6.94,,9.13
1974-02-01,7.01,,9.47
1974-01-25,7.01,,9.6
1974-01-18,6.99,,9.77
1974-01-11,6.98,,9.76
1974-01-04,6.94,,9.87
1973-12-28,6.87,,9.52
1973-12-21,6.71,,10.18
1973-12-14,6.69,,10.04
1973-12-07,6.72,,10.17
1973-11-30,6.7,,10.09
1973-11-23,6.71,,10.23
1973-11-16,6.76,,10.03
1973-11-09,6.76,,9.71
1973-11-02,6.72,,9.9
1973-10-26,6.75,,9.98
1973-10-19,6.8,,10.07
1973-10-12,6.77,,9.87
1973-10-05,6.89,,10.72
1973-09-28,6.95,,10.84
1973-09-21,7.09,,10.8
1973-09-14,7.19,,10.74
1973-09-07,7.13,,10.79
1973-08-31,7.26,,10.79
1973-08-24,7.33,,10.52
1973-08-17,7.41,,10.39
1973-08-10,7.54,,10.39
1973-08-03,7.48,,10.57
1973-07-27,7.24,,10.58
1973-07-20,7.09,,10.22
1973-07-13,7.05,,9.52
1973-07-06,7.02,,10.22
1973-06-29,6.93,,8.59
1973-06-22,6.89,,8.56
1973-06-15,6.86,,8.17
1973-06-08,6.92,,8.43
1973-06-01,6.94,,7.95
1973-05-25,6.91,,8.06
1973-05-18,6.85,,7.82
1973-05-11,6.81,,7.6
1973-05-04,6.75,,7.43
1973-04-27,6.68,,7.14
1973-04-20,6.64,,7.24
1973-04-13,6.64,,6.84
1973-04-06,6.7,,7.18
1973-03-30,6.71,,7.11
1973-03-23,6.76,,6.96
1973-03-16,6.72,,7.13
1973-03-09,6.67,,7.02
1973-03-02,6.65,,6.75
1973-02-23,6.65,,6.79
1973-02-16,6.62,,6.58
1973-02-09,6.64,,6.22
1973-02-02,6.57,,6.35
1973-01-26,6.5,,6.03
1973-01-19,6.46,,5.86
1973-01-12,6.43,,5.66
1973-01-05,6.42,,5.61
1972-12-29,6.4,,5.34
1972-12-22,6.4,,5.38
1972-12-15,6.35,,5.29
1972-12-08,6.31,,5.17
1972-12-01,6.29,,5.03
1972-11-24,6.26,,4.98
1972-11-17,6.25,,4.89
1972-11-10,6.29,,5.25
1972-11-03,6.37,,5.06
1972-10-27,6.43,,5.01
1972-10-20,6.48,,4.91
1972-10-13,6.49,,5.09
1972-10-06,6.53,,5.15
1972-09-29,6.58,,4.99
1972-09-22,6.57,,4.93
1972-09-15,6.55,,4.69
1972-09-08,6.51,,4.90
1972-09-01,6.38,,4.9
1972-08-25,6.22,,4.75
1972-08-18,6.18,,4.86
1972-08-11,6.15,,4.69
1972-08-04,6.14,,4.56
1972-07-28,6.1,,4.54
1972-07-21,6.1,,4.46
1972-07-14,6.12,,4.62
1972-07-07,6.13,,4.61
1972-06-30,6.13,,4.49
1972-06-23,6.09,,4.40
1972-06-16,6.1,,4.46
1972-06-09,6.12,,4.48
1972-06-02,6.07,,4.37
1972-05-26,6.05,,4.24
1972-05-19,6.14,,4.32
1972-05-12,6.18,,4.2
1972-05-05,6.16,,4.25
1972-04-28,6.17,,4.2
1972-04-21,6.22,,4.05
1972-04-14,6.21,,4.18
1972-04-07,6.17,,4.16
1972-03-31,6.11,,4.09
1972-03-24,6.09,,3.91
1972-03-17,6.08,,3.88
1972-03-10,6.02,,3.43
1972-03-03,6.03,,3.18
1972-02-25,6.07,,3.34
1972-02-18,6.08,,3.43
1972-02-11,6.11,,3.25
1972-02-04,6.08,,3.23
1972-01-28,6.04,,3.43
1972-01-21,5.95,,3.54
1972-01-14,5.87,,3.72
1972-01-07,5.91,,3.57
1971-12-31,5.89,,4.05
1971-12-24,5.99,,3.90
1971-12-17,5.94,,4.2
1971-12-10,5.92,,4.59
1971-12-03,5.92,,4.68
1971-11-26,5.9,,4.86
1971-11-19,5.77,,4.88
1971-11-12,5.78,,4.93
1971-11-05,5.74,,5.17
1971-10-29,5.9,,5.11
1971-10-22,5.92,,5.14
1971-10-15,5.88,,5.29
1971-10-08,5.98,,5.33
1971-10-01,6.07,,5.43
1971-09-24,6.17,,5.46
1971-09-17,6.16,,5.59
1971-09-10,6.1,,5.73
1971-09-03,6.22,,5.59
1971-08-27,6.39,,5.48
1971-08-20,6.35,,5.59
1971-08-13,6.82,,5.59
1971-08-06,6.88,,5.57
1971-07-30,6.89,,5.38
1971-07-23,6.75,,5.47
1971-07-16,6.61,,5.13
1971-07-09,6.67,,5.18
1971-07-02,6.68,,5.08
1971-06-25,6.6,,4.97
1971-06-18,6.66,,4.90
1971-06-11,6.43,,4.77
1971-06-04,6.26,,4.83
1971-05-28,6.41,,4.68
1971-05-21,6.57,,4.56
1971-05-14,6.36,,4.59
1971-05-07,6.24,,4.41
1971-04-30,6.03,,4.15
1971-04-23,5.98,,4.27
1971-04-16,5.77,,4.2
1971-04-09,5.61,,3.98
1971-04-02,5.55,,4.02
1971-03-26,5.42,,3.7
1971-03-19,5.61,,3.93
1971-03-12,5.82,,3.29
1971-03-05,6.07,,3.41
1971-02-26,6.15,,3.47
1971-02-19,6.11,,4.14
1971-02-12,6.08,,3.59
1971-02-05,6.1,,4.09
1971-01-29,6.08,,4.23
1971-01-22,6.13,,4.13
1971-01-15,6.29,,4.27
1971-01-08,6.46,,3.82
1971-01-01,6.53,,4.82
1970-12-25,6.52,,4.84
1970-12-18,6.29,,5.07
1970-12-11,6.31,,4.91
1970-12-04,6.38,,5.5
1970-11-27,6.43,,5.16
1970-11-20,6.79,,5.7
1970-11-13,7.04,,5.8
1970-11-06,7.21,,6.07
1970-10-30,7.38,,6.11
1970-10-23,7.41,,6.18
1970-10-16,7.29,,6.22
1970-10-09,7.25,,6.36
1970-10-02,7.29,,6.06
1970-09-25,7.27,,5.84
1970-09-18,7.39,,6.47
1970-09-11,7.52,,6.65
1970-09-04,7.48,,6.47
1970-08-28,7.47,,6.34
1970-08-21,7.66,,6.64
1970-08-14,7.57,,6.83
1970-08-07,7.42,,6.93
1970-07-31,7.38,,6.89
1970-07-24,7.4,,7.16
1970-07-17,7.5,,7.59
1970-07-10,7.49,,7.34
1970-07-03,7.66,,7.23
1970-06-26,7.79,,7.21
1970-06-19,7.91,,7.8
1970-06-12,7.91,,7.98
1970-06-05,7.81,,7.84
1970-05-29,8.06,,7.65
1970-05-22,7.87,,7.84
1970-05-15,7.84,,7.97
1970-05-08,7.86,,8.47
1970-05-01,7.8,,8.43
1970-04-24,7.58,,8.21
1970-04-17,7.29,,8.02
1970-04-10,7.17,,7.68
1970-04-03,7.08,,7.93
1970-03-27,7,,7.45
1970-03-20,7.2,,7.82
1970-03-13,7.11,,7.71
1970-03-06,6.97,,8.32
1970-02-27,7.01,,8.41
1970-02-20,7.13,,9.39
1970-02-13,7.27,,9.18
1970-02-06,7.51,,9.22
1970-01-30,7.73,,9.04
1970-01-23,7.69,,9.3
1970-01-16,7.82,,8.96
1970-01-09,7.93,,8.45
1970-01-02,7.94,,8.71
1969-12-26,7.84,,9.18
1969-12-19,7.74,,9.14
1969-12-12,7.54,,8.75
1969-12-05,7.35,,8.91
1969-11-28,7.29,,8.32
1969-11-21,7.24,,8.79
1969-11-14,7.06,,9.32
1969-11-07,6.97,,9.07
1969-10-31,6.97,,8.39
1969-10-24,6.84,,8.68
1969-10-17,7.06,,9.68
1969-10-10,7.29,,9.43
1969-10-03,7.46,,9.11
1969-09-26,7.3,,9.61
1969-09-19,7.18,,9.07
1969-09-12,7.04,,8.57
1969-09-05,6.94,,9.57
1969-08-29,6.79,,8.82
1969-08-22,6.67,,8.79
1969-08-15,6.69,,9.18
1969-08-08,6.62,,9.57
1969-08-01,6.7,,8.05
1969-07-25,6.69,,8.5
1969-07-18,6.69,,9.23
1969-07-11,6.76,,9.07
1969-07-04,6.75,,9
1969-06-27,6.63,,8.34
1969-06-20,6.54,,8.54
1969-06-13,6.55,,9.13
1969-06-06,6.55,,9.2
1969-05-30,6.53,,8.93
1969-05-23,6.36,,8.91
1969-05-16,6.27,,8.3
1969-05-09,6.21,,8.23
1969-05-02,6.22,,7.79
1969-04-25,6.13,,7.48
1969-04-18,6.11,,7.63
1969-04-11,6.21,,7.04
1969-04-04,6.25,,6.66
1969-03-28,6.31,,6.88
1969-03-21,6.32,,6.83
1969-03-14,6.3,,6.75
1969-03-07,6.25,,6.75
1969-02-28,6.25,,6.48
1969-02-21,6.19,,6.75
1969-02-14,6.11,,6.75
1969-02-07,6.19,,6.32
1969-01-31,6.1,,6.27
1969-01-24,6,,6.47
1969-01-17,6.01,,6.36
1969-01-10,6.07,,6.43
1969-01-03,6.11,,5.95
1968-12-27,6.22,,6.25
1968-12-20,6.03,,6
1968-12-13,5.93,,5.84
1968-12-06,5.93,,5.72
1968-11-29,5.76,,5.73
1968-11-22,5.73,,5.45
1968-11-15,5.67,,6
1968-11-08,5.63,,6.07
1968-11-01,5.62,,5.91
1968-10-25,5.59,,5.84
1968-10-18,5.61,,5.97
1968-10-11,5.59,,5.90
1968-10-04,5.5,,5.93
1968-09-27,5.45,,5.7
1968-09-20,5.44,,5.68
1968-09-13,5.49,,5.84
1968-09-06,5.45,,5.8
1968-08-30,5.44,,5.93
1968-08-23,5.46,,6.06
1968-08-16,5.43,,6.13
1968-08-09,5.37,,6.11
1968-08-02,5.39,,6.06
1968-07-26,5.4,,6.11
1968-07-19,5.55,,6.13
1968-07-12,5.52,,5.95
1968-07-05,5.58,,5.73
1968-06-28,5.64,,6.15
1968-06-21,5.66,,6.18
1968-06-14,5.77,,6.18
1968-06-07,5.81,,5.93
1968-05-31,5.92,,6.02
1968-05-24,5.99,,6.08
1968-05-17,5.86,,6.34
1968-05-10,5.79,,6.04
1968-05-03,5.75,,6.15
1968-04-26,5.73,,5.63
1968-04-19,5.65,,5.71
1968-04-12,5.54,,5.66
1968-04-05,5.56,,5.52
1968-03-29,5.77,,5.39
1968-03-22,5.75,,5.13
1968-03-15,5.84,,4.64
1968-03-08,5.64,,4.82
1968-03-01,5.57,,4.75
1968-02-23,5.54,,4.7
1968-02-16,5.53,,4.66
1968-02-09,5.6,,4.73
1968-02-02,5.55,,4.55
1968-01-26,5.56,,4.7
1968-01-19,5.53,,4.61
1968-01-12,5.47,,4.63
1968-01-05,5.56,,4.54
1967-12-29,5.67,,4.63
1967-12-22,5.66,,4.48
1967-12-15,5.72,,4.52
1967-12-08,5.72,,4.36
1967-12-01,5.72,,4.38
1967-11-24,5.76,,4.02
1967-11-17,5.79,,4.09
1967-11-10,5.78,,3.96
1967-11-03,5.68,,3.89
1967-10-27,5.57,,3.5
1967-10-20,5.51,,4.04
1967-10-13,5.42,,4.04
1967-10-06,5.36,,3.97
1967-09-29,5.36,,4
1967-09-22,5.34,,4
1967-09-15,5.28,,3.98
1967-09-08,5.22,,4.02
1967-09-01,5.27,,3.59
1967-08-25,5.31,,3.98
1967-08-18,5.28,,4.06
1967-08-11,5.28,,4.02
1967-08-04,5.2,,3.75
1967-07-28,5.21,,3.93
1967-07-21,5.17,,3.54
1967-07-14,5.09,,3.98
1967-07-07,5.16,,3.73
1967-06-30,5.19,,4.07
1967-06-23,5.12,,3.98
1967-06-16,5,,4
1967-06-09,4.86,,3.93
1967-06-02,4.82,,3.95
1967-05-26,4.92,,3.93
1967-05-19,4.88,,4.02
1967-05-12,4.85,,3.84
1967-05-05,4.76,,4
1967-04-28,4.73,,4
1967-04-21,4.63,,3.93
1967-04-14,4.52,,3.93
1967-04-07,4.49,,4.55
1967-03-31,4.51,,4.25
1967-03-24,4.5,,4.71
1967-03-17,4.5,,4.54
1967-03-10,4.59,,4.71
1967-03-03,4.67,,4.68
1967-02-24,4.72,,5.18
1967-02-17,4.67,,5.18
1967-02-10,4.55,,4.93
1967-02-03,4.51,,4.21
1967-01-27,4.57,,5.18
1967-01-20,4.54,,4.82
1967-01-13,4.6,,5.39
1967-01-06,4.65,,5.14
1966-12-30,4.66,,5.57
1966-12-23,4.68,,5.25
1966-12-16,4.83,,5.43
1966-12-09,5.07,,5.36
1966-12-02,5.12,,5.64
1966-11-25,5.21,,5.5
1966-11-18,5.21,,5.96
1966-11-11,5.13,,5.82
1966-11-04,5.03,,5.86
1966-10-28,4.96,,5.04
1966-10-21,5,,5.64
1966-10-14,5.06,,5.5
1966-10-07,5.05,,5.86
1966-09-30,5.08,,4.5
1966-09-23,5.22,,5.29
1966-09-16,5.21,,5.81
1966-09-09,5.19,,5.90
1966-09-02,5.38,,5.34
1966-08-26,5.37,,5.72
1966-08-19,5.23,,5.36
1966-08-12,5.1,,5.75
1966-08-05,5.06,,5.63
1966-07-29,5.01,,5.46
1966-07-22,5.03,,4.7
1966-07-15,5.07,,5.45
1966-07-08,4.96,,5.36
1966-07-01,4.92,,5.43
1966-06-24,4.77,,5.18
1966-06-17,4.81,,5.18
1966-06-10,4.82,,4.98
1966-06-03,4.79,,4.95
1966-05-27,4.79,,4.84
1966-05-20,4.75,,4.98
1966-05-13,4.76,,4.79
1966-05-06,4.8,,4.74
1966-04-29,4.78,,4.48
1966-04-22,4.77,,4.77
1966-04-15,4.75,,4.7
1966-04-08,4.7,,4.75
1966-04-01,4.74,,4.68
1966-03-25,4.78,,4.68
1966-03-18,4.89,,4.58
1966-03-11,4.95,,4.68
1966-03-04,5,,4.63
1966-02-25,4.94,,4.63
1966-02-18,4.88,,4.59
1966-02-11,4.77,,4.63
1966-02-04,4.7,,4.54
1966-01-28,4.62,,4.56
1966-01-21,4.6,,3.86
1966-01-14,4.59,,4.59
1966-01-07,4.62,,4.61
1965-12-31,4.63,,4.63
1965-12-24,4.64,,4.43
1965-12-17,4.66,,4.5
1965-12-10,4.6,,3.68
1965-12-03,4.5,,4.13
1965-11-26,4.45,,4.11
1965-11-19,4.45,,4.13
1965-11-12,4.46,,4.04
1965-11-05,4.43,,4.13
1965-10-29,4.39,,4
1965-10-22,4.36,,4.08
1965-10-15,4.32,,4.13
1965-10-08,4.33,,4.09
1965-10-01,4.34,,3.72
1965-09-24,4.29,,4.13
1965-09-17,4.28,,4.13
1965-09-10,4.27,,4.11
1965-09-03,4.27,,4.06
1965-08-27,4.27,,4.13
1965-08-20,4.26,,4.13
1965-08-13,4.25,,4.13
1965-08-06,4.23,,4.11
1965-07-30,4.21,,4.09
1965-07-23,4.2,,4.04
1965-07-16,4.21,,4.09
1965-07-09,4.21,,4.13
1965-07-02,4.2,,4.13
1965-06-25,4.2,,3.81
1965-06-18,4.21,,4.13
1965-06-11,4.23,,4.11
1965-06-04,4.23,,4.11
1965-05-28,4.22,,4.11
1965-05-21,4.22,,4.07
1965-05-14,4.2,,4.07
1965-05-07,4.2,,4.13
1965-04-30,4.21,,4.02
1965-04-23,4.21,,4.09
1965-04-16,4.2,,4.13
1965-04-09,4.2,,4.11
1965-04-02,4.2,,4.02
1965-03-26,4.19,,4.09
1965-03-19,4.2,,4.04
1965-03-12,4.23,,4.06
1965-03-05,4.23,,4
1965-02-26,4.22,,3.93
1965-02-19,4.21,,4
1965-02-12,4.21,,4
1965-02-05,4.21,,4
1965-01-29,4.19,,4
1965-01-22,4.18,,3.57
1965-01-15,4.19,,4
1965-01-08,4.2,,4
1965-01-01,4.2,,4
1964-12-25,4.19,,4
1964-12-18,4.18,,4
1964-12-11,4.16,,3.39
1964-12-04,4.19,,3.71
1964-11-27,4.19,,3.34
1964-11-20,4.13,,3.59
1964-11-13,4.14,,3.5
1964-11-06,4.15,,3.5
1964-10-30,4.17,,3.46
1964-10-23,4.2,,3.48
1964-10-16,4.2,,3.07
1964-10-09,4.19,,3.36
1964-10-02,4.18,,3.39
1964-09-25,4.19,,3.5
1964-09-18,4.21,,3.46
1964-09-11,4.22,,3.43
1964-09-04,4.22,,3.5
1964-08-28,4.2,,3.5
1964-08-21,4.19,,3.5
1964-08-14,4.19,,3.5
1964-08-07,4.19,,3.5
1964-07-31,4.2,,3.5
1964-07-24,4.2,,3.14
1964-07-17,4.19,,3.5
1964-07-10,4.17,,3.5
1964-07-03,4.15,,3.5
1964-06-26,4.15,,3.5
1964-06-19,4.17,,3.5
1964-06-12,4.18,,3.5
1964-06-05,4.19,,3.5
1964-05-29,4.19,,3.48
1964-05-22,4.2,,3.5
1964-05-15,4.19,,3.5
1964-05-08,4.22,,3.5
1964-05-01,4.22,,3.45
1964-04-24,4.23,,3.47
1964-04-17,4.23,,3.5
1964-04-10,4.23,,3.45
1964-04-03,4.24,,3.5
1964-03-27,4.26,,3.47
1964-03-20,4.23,,3.43
1964-03-13,4.21,,3.5
1964-03-06,4.18,,3.29
1964-02-28,4.16,,3.5
1964-02-21,4.14,,3.43
1964-02-14,4.14,,3.5
1964-02-07,4.15,,3.5
1964-01-31,4.17,,3.5
1964-01-24,4.16,,3.46
1964-01-17,4.18,,3.5
1964-01-10,4.17,,3.5
1964-01-03,4.14,,3.43
1963-12-27,4.15,,3.5
1963-12-20,4.15,,3.5
1963-12-13,4.11,,3.16
1963-12-06,4.1,,3.32
1963-11-29,4.08,,3.5
1963-11-22,4.1,,3.5
1963-11-15,4.14,,3.43
1963-11-08,4.16,,3.5
1963-11-01,4.14,,3.5
1963-10-25,4.12,,3.5
1963-10-18,4.11,,3.5
1963-10-11,4.09,,3.48
1963-10-04,4.07,,3.5
1963-09-27,4.08,,3.48
1963-09-20,4.08,,3.43
1963-09-13,4.09,,3.5
1963-09-06,4.06,,3.5
1963-08-30,4.01,,3.48
1963-08-23,4,,3.5
1963-08-16,4.01,,3.47
1963-08-09,4,,3.5
1963-08-02,3.99,,3.41
1963-07-26,4.01,,2.64
1963-07-19,4.02,,3.04
1963-07-12,4.04,,2.98
1963-07-05,4.03,,3
1963-06-28,4,,2.96
1963-06-21,4,,3
1963-06-14,3.99,,3
1963-06-07,3.98,,3
1963-05-31,3.96,,3
1963-05-24,3.93,,3
1963-05-17,3.91,,3
1963-05-10,3.92,,3
1963-05-03,3.94,,2.95
1963-04-26,3.96,,3
1963-04-19,3.99,,2.89
1963-04-12,3.99,,2.98
1963-04-05,3.95,,2.75
1963-03-29,3.95,,2.98
1963-03-22,3.92,,2.95
1963-03-15,3.92,,3
1963-03-08,3.92,,3
1963-03-01,3.94,,3
1963-02-22,3.93,,3
1963-02-15,3.92,,3
1963-02-08,3.9,,3
1963-02-01,3.87,,2.98
1963-01-25,3.86,,2.95
1963-01-18,3.81,,3
1963-01-11,3.81,,2.77
1963-01-04,3.83,,2.93
1962-12-28,3.81,,3
1962-12-21,3.83,,2.98
1962-12-14,3.88,,2.88
1962-12-07,3.93,,2.79
1962-11-30,3.92,,2.90
1962-11-23,3.93,,2.97
1962-11-16,3.91,,3
1962-11-09,3.9,,2.95
1962-11-02,3.92,,2.82
1962-10-26,3.93,,2.90
1962-10-19,3.92,,3
1962-10-12,3.94,,2.82
1962-10-05,3.91,,2.89
1962-09-28,3.95,,2.79
1962-09-21,3.98,,2.89
1962-09-14,4,,3
1962-09-07,3.98,,2.96
1962-08-31,3.96,,2.93
1962-08-24,3.95,,2.89
1962-08-17,3.97,,3
1962-08-10,4,,2.89
1962-08-03,4.02,,2.75
1962-07-27,4.01,,2.5
1962-07-20,4.02,,2.86
1962-07-13,4.01,,2.71
1962-07-06,4.01,,2.82
1962-06-29,3.97,,2.89
1962-06-22,3.91,,2.86
1962-06-15,3.88,,2.46
1962-06-08,3.88,,2.46
1962-06-01,3.89,,1.71
1962-05-25,3.91,,2.43
1962-05-18,3.88,,2.46
1962-05-11,3.84,,2.71
1962-05-04,3.86,,2.61
1962-04-27,3.87,,2.86
1962-04-20,3.82,,2.93
1962-04-13,3.85,,2.79
1962-04-06,3.82,,2.71
1962-03-30,3.89,,2.96
1962-03-23,3.88,,2.82
1962-03-16,3.94,,2.89
1962-03-09,3.99,,2.75
1962-03-02,3.99,,2.46
1962-02-23,4.03,,2.36
1962-02-16,4.03,,2.61
1962-02-09,4.06,,2.04
1962-02-02,4.1,,2.14
1962-01-26,4.1,,1.46
1962-01-19,4.11,,2.79
1962-01-12,4.06,,2
1962-01-05,4.03,,2.61
2022-11-30,,,2.86
2022-11-23,,,2.36
2022-11-16,,,1.61
2022-11-09,,,2.25
2022-11-02,,,2.29
2022-10-26,,,2.79
2022-10-19,,,2.75
2022-10-12,,,2.71
2022-10-05,,,2.14
2022-09-28,,,2.36
2022-09-21,,,2.64
2022-09-14,,,2.43
2022-09-07,,,1.64
2022-08-31,,,1.96
2022-08-24,,,1.86
2022-08-17,,,2.36
2022-08-10,,,1.29
2022-08-03,,,1.5
2022-07-27,,,1.64
2022-07-20,,,2.75
2022-07-13,,,2.25
2022-07-06,,,1.64
2022-06-29,,,0.86
2022-06-22,,,1.18
2022-06-15,,,1.36
2022-06-08,,,1.04
2022-06-01,,,1.18
2022-05-25,,,2.29
2022-05-18,,,1
2022-05-11,,,2.5
2022-05-04,,,2.14
2022-04-27,,,2.5
2022-04-20,,,2.29
2022-04-13,,,1.64
2022-04-06,,,0.54
2022-03-30,,,1.14
2022-03-23,,,1.64
2022-03-16,,,2.11
2022-03-09,,,1.79
2022-03-02,,,1.61
2022-02-23,,,1.82
2022-02-16,,,2
2022-02-09,,,2.61
2022-02-02,,,2.5
2022-01-26,,,2.54
2022-01-19,,,2.79
2022-01-12,,,2.25
2022-01-05,,,1.36
2021-12-29,,,0.66
2021-12-22,,,1.96
2021-12-15,,,1.61
2021-12-08,,,2.5
2021-12-01,,,1.89
2021-11-24,,,2.14
2021-11-17,,,1.79
2021-11-10,,,1.68
2021-11-03,,,1.5
2021-10-27,,,2.32
2021-10-20,,,2.82
2021-10-13,,,2.96
2021-10-06,,,2.86
2021-09-29,,,2
2021-09-22,,,1.93
2021-09-15,,,3
2021-09-08,,,2.86
2021-09-01,,,2.64
2021-08-25,,,1.89
2021-08-18,,,2.79
2021-08-11,,,2.96
2021-08-04,,,2.89
2021-07-28,,,2.68
2021-07-21,,,3.07
2021-07-14,,,3.11
2021-07-07,,,3.29
2021-06-30,,,3.14
2021-06-23,,,3.5
2021-06-16,,,2.93
2021-06-09,,,3.36
2021-06-02,,,2.71
2021-05-26,,,3.5
2021-05-19,,,3.39
2021-05-12,,,3.82
2021-05-05,,,3.36
2021-04-28,,,3.79
2021-04-21,,,3.89
2021-04-14,,,4
2021-04-07,,,4
2021-03-31,,,3.93
2021-03-24,,,3.82
2021-03-17,,,3.96
2021-03-10,,,3.93
2021-03-03,,,3.82
2021-02-24,,,3.54
2021-02-17,,,3.96
2021-02-10,,,3.96
2021-02-03,,,4
2021-01-27,,,3.89
2021-01-20,,,4
2021-01-13,,,3.96
2021-01-06,,,4
2020-12-30,,,3.96
2020-12-23,,,4
2020-12-16,,,4
2020-12-09,,,4
2020-12-02,,,4
2020-11-25,,,4
2020-11-18,,,4
2020-11-11,,,4
2020-11-04,,,3.96
2020-10-28,,,4
2020-10-21,,,4
2020-10-14,,,4
2020-10-07,,,4
2020-09-30,,,4
2020-09-23,,,3.96
2020-09-16,,,3.96
2020-09-09,,,4
2020-09-02,,,3.86
2020-08-26,,,3.96
2020-08-19,,,3.82
2020-08-12,,,3.46
2020-08-05,,,3.5
2020-07-29,,,3.5
2020-07-22,,,3.5
2020-07-15,,,3.5
2020-07-08,,,3.5
2020-07-01,,,3.5
2020-06-24,,,3.5
2020-06-17,,,3.46
2020-06-10,,,3.5
2020-06-03,,,3.32
2020-05-27,,,3.46
2020-05-20,,,3.5
2020-05-13,,,3.36
2020-05-06,,,3.11
2020-04-29,,,2.82
2020-04-22,,,2.61
2020-04-15,,,3
2020-04-08,,,3
2020-04-01,,,2.93
2020-03-25,,,3
2020-03-18,,,3
2020-03-11,,,3
2020-03-04,,,2.84
2020-02-26,,,2.93
2020-02-19,,,2.86
2020-02-12,,,2.71
2020-02-05,,,2.46
2020-01-29,,,2.5
2020-01-22,,,2.36
2020-01-15,,,2.36
2020-01-08,,,2.5
2020-01-01,,,2.5
2019-12-25,,,2.5
2019-12-18,,,2.45
2019-12-11,,,2.48
2019-12-04,,,2.47
2019-11-27,,,2.5
2019-11-20,,,2.5
2019-11-13,,,2.39
2019-11-06,,,2.3
2019-10-30,,,2.39
2019-10-23,,,2.46
2019-10-16,,,2
2019-10-09,,,1.93
2019-10-02,,,1.47
2019-09-25,,,1.98
2019-09-18,,,1.96
2019-09-11,,,1.93
2019-09-04,,,1.79
2019-08-28,,,1.91
2019-08-21,,,1.63
2019-08-14,,,1.68
2019-08-07,,,1.68
2019-07-31,,,1.68
2019-07-24,,,1.61
2019-07-17,,,1.63
2019-07-10,,,0.91
2019-07-03,,,0.36
2019-06-26,,,0.45
2019-06-19,,,1.32
2019-06-12,,,0.77
2019-06-05,,,0.43
2019-05-29,,,0.61
2019-05-22,,,1.36
2019-05-15,,,1.39
2019-05-08,,,0.32
2019-05-01,,,0.2
2019-04-24,,,0.47
2019-04-17,,,0.95
2019-04-10,,,1.11
2019-04-03,,,1.25
2019-03-27,,,1.29
2019-03-20,,,1.75
2019-03-13,,,1.07
2019-03-06,,,0.55
2019-02-27,,,1.07
2019-02-20,,,1.45
2019-02-13,,,1.36
2019-02-06,,,1.11
2019-01-30,,,0.73
2019-01-23,,,2.11
2019-01-16,,,2.64
2019-01-09,,,1.5
2019-01-02,,,2.29
2018-12-26,,,3
2018-12-19,,,2.88
2018-12-12,,,2.98
2018-12-05,,,3
2018-11-28,,,3
2018-11-21,,,3
2018-11-14,,,3
2018-11-07,,,2.93
2018-10-31,,,3
2018-10-24,,,3.29
2018-10-17,,,3.46
2018-10-10,,,3.5
2018-10-03,,,3.5
2018-09-26,,,3.5
2018-09-19,,,3.5
2018-09-12,,,3.5
2018-09-05,,,3.5
2018-08-29,,,3.5
2018-08-22,,,3.5
2018-08-15,,,3.5
2018-08-08,,,3.36
2018-08-01,,,3.48
2018-07-25,,,3.29
2018-07-18,,,3.09
2018-07-11,,,3
2018-07-04,,,2.97
2018-06-27,,,2.98
2018-06-20,,,3
2018-06-13,,,3
2018-06-06,,,3
2018-05-30,,,3
2018-05-23,,,3
2018-05-16,,,3
2018-05-09,,,3
2018-05-02,,,3
2018-04-25,,,3
2018-04-18,,,3
2018-04-11,,,3
2018-04-04,,,3
2018-03-28,,,3
2018-03-21,,,3
2018-03-14,,,3
2018-03-07,,,2.97
2018-02-28,,,2.86
2018-02-21,,,3
2018-02-14,,,3
2018-02-07,,,3
2018-01-31,,,3
2018-01-24,,,3
2018-01-17,,,3
2018-01-10,,,3
2018-01-03,,,3
2017-12-27,,,2.9
2017-12-20,,,2.87
2017-12-13,,,2.82
2017-12-06,,,2.71
2017-11-29,,,2.99
2017-11-22,,,2.96
2017-11-15,,,2.79
2017-11-08,,,2.95
2017-11-01,,,2.59
2017-10-25,,,2.97
2017-10-18,,,2.98
2017-10-11,,,3
2017-10-04,,,2.99
2017-09-27,,,2.95
2017-09-20,,,2.92
2017-09-13,,,2.98
2017-09-06,,,3
2017-08-30,,,3
2017-08-23,,,2.86
2017-08-16,,,2.93
2017-08-09,,,3
2017-08-02,,,2.63
2017-07-26,,,2.74
2017-07-19,,,2.75
2017-07-12,,,2.75
2017-07-05,,,2.73
2017-06-28,,,2.74
2017-06-21,,,2.75
2017-06-14,,,2.75
2017-06-07,,,2.75
2017-05-31,,,2.61
2017-05-24,,,2.75
2017-05-17,,,2.75
2017-05-10,,,2.71
2017-05-03,,,2.75
2017-04-26,,,2.75
2017-04-19,,,2.75
2017-04-12,,,2.75
2017-04-05,,,2.75
2017-03-29,,,2.75
2017-03-22,,,2.6
2017-03-15,,,2.5
2017-03-08,,,2.5
2017-03-01,,,2.5
2017-02-22,,,2.5
2017-02-15,,,2.49
2017-02-08,,,2.5
2017-02-01,,,2.5
2017-01-25,,,2.48
2017-01-18,,,2.5
2017-01-11,,,2.5
2017-01-04,,,2.5
2016-12-28,,,2.5
2016-12-21,,,2.5
2016-12-14,,,2.48
2016-12-07,,,2.31
2016-11-30,,,2.48
2016-11-23,,,2.48
2016-11-16,,,2.46
2016-11-09,,,2.5
2016-11-02,,,2.49
2016-10-26,,,2.46
2016-10-19,,,2.24
2016-10-12,,,2.25
2016-10-05,,,2.25
2016-09-28,,,2.25
2016-09-21,,,2.23
2016-09-14,,,2.25
2016-09-07,,,2.22
2016-08-31,,,2.24
2016-08-24,,,2.2
2016-08-17,,,2.19
2016-08-10,,,2.07
2016-08-03,,,2
2016-07-27,,,1.99
2016-07-20,,,1.97
2016-07-13,,,1.97
2016-07-06,,,1.72
2016-06-29,,,1.67
2016-06-22,,,1.65
2016-06-15,,,1.69
2016-06-08,,,1.69
2016-06-01,,,1.66
2016-05-25,,,1.55
2016-05-18,,,1.69
2016-05-11,,,1.67
2016-05-04,,,1.69
2016-04-27,,,1.31
2016-04-20,,,1.32
2016-04-13,,,1.3
2016-04-06,,,1.66
2016-03-30,,,1.34
2016-03-23,,,1.4
2016-03-16,,,1.44
2016-03-09,,,1.44
2016-03-02,,,1.44
2016-02-24,,,1.31
2016-02-17,,,1.24
2016-02-10,,,1.41
2016-02-03,,,1.38
2016-01-27,,,1.32
2016-01-20,,,1.13
2016-01-13,,,1.27
2016-01-06,,,1.44
2015-12-30,,,1.41
2015-12-23,,,1.37
2015-12-16,,,1.41
2015-12-09,,,1.35
2015-12-02,,,1.19
2015-11-25,,,1.18
2015-11-18,,,1.28
2015-11-11,,,1.42
2015-11-04,,,1.4
2015-10-28,,,1.07
2015-10-21,,,0.39
2015-10-14,,,0.32
2015-10-07,,,1.18
2015-09-30,,,0.75
2015-09-23,,,0.77
2015-09-16,,,1.27
2015-09-09,,,0.55
2015-09-02,,,1.15
2015-08-26,,,0.55
2015-08-19,,,1.23
2015-08-12,,,1.22
2015-08-05,,,1.33
2015-07-29,,,1.41
2015-07-22,,,1.41
2015-07-15,,,1.31
2015-07-08,,,0.27
2015-07-01,,,0.63
2015-06-24,,,0.57
2015-06-17,,,1.22
2015-06-10,,,1
